-- phpMyAdmin SQL Dump
-- version 4.3.4
-- http://www.phpmyadmin.net
--
-- Client :  localhost
-- Généré le :  Dim 11 Janvier 2015 à 22:25
-- Version du serveur :  5.6.14
-- Version de PHP :  5.5.6

SET SQL_MODE = "NO_AUTO_VALUE_ON_ZERO";
SET time_zone = "+00:00";


/*!40101 SET @OLD_CHARACTER_SET_CLIENT=@@CHARACTER_SET_CLIENT */;
/*!40101 SET @OLD_CHARACTER_SET_RESULTS=@@CHARACTER_SET_RESULTS */;
/*!40101 SET @OLD_COLLATION_CONNECTION=@@COLLATION_CONNECTION */;
/*!40101 SET NAMES utf8 */;

--
-- Base de données :  `vol`
--

-- --------------------------------------------------------

--
-- Structure de la table `aita`
--

CREATE TABLE IF NOT EXISTS `aita` (
  `id` int(4) NOT NULL,
  `code_aita` varchar(5) NOT NULL
) ENGINE=InnoDB AUTO_INCREMENT=46 DEFAULT CHARSET=utf8;

--
-- Contenu de la table `aita`
--

INSERT INTO `aita` (`id`, `code_aita`) VALUES
(1, 'CDG'),
(2, 'VIE'),
(3, 'LYS'),
(4, 'TLV'),
(5, 'HAM'),
(6, 'BES'),
(7, 'SVO'),
(8, 'LIN'),
(9, 'WAW'),
(10, 'ORY'),
(11, 'NCE'),
(12, 'MPL'),
(13, 'TLN'),
(14, 'FRA'),
(15, 'CPH'),
(16, 'LIS'),
(17, 'VCE'),
(18, 'FCO'),
(19, 'AMS'),
(20, 'BCN'),
(21, 'RBA'),
(22, 'GVA'),
(23, 'PUF'),
(24, 'BIA'),
(25, 'OTP'),
(26, 'NTE'),
(27, 'BOD'),
(28, 'MAN'),
(29, 'ALG'),
(30, 'LED'),
(31, 'IST'),
(32, 'MAD'),
(33, 'CMN'),
(34, 'STR'),
(35, 'SOF'),
(36, 'LHR'),
(37, 'PTP'),
(38, 'ATH'),
(39, 'AJA'),
(40, 'TLS'),
(41, 'OPO'),
(42, 'MUC'),
(43, 'ARN'),
(44, 'BUD'),
(45, 'TUN');

-- --------------------------------------------------------

--
-- Structure de la table `fonction`
--

CREATE TABLE IF NOT EXISTS `fonction` (
  `id` int(11) NOT NULL,
  `fonction` varchar(10) NOT NULL
) ENGINE=InnoDB AUTO_INCREMENT=4 DEFAULT CHARSET=latin1;

--
-- Contenu de la table `fonction`
--

INSERT INTO `fonction` (`id`, `fonction`) VALUES
(1, 'PF'),
(2, 'PNF'),
(3, 'MIX');

-- --------------------------------------------------------

--
-- Structure de la table `hdv_par_avion`
--

CREATE TABLE IF NOT EXISTS `hdv_par_avion` (
  `id` int(11) NOT NULL,
  `type` varchar(20) NOT NULL,
  `cdb_jour` varchar(11) NOT NULL,
  `cdb_nuit` varchar(11) NOT NULL,
  `opl_jour` varchar(11) NOT NULL,
  `opl_nuit` varchar(11) NOT NULL,
  `dc_jour` varchar(11) NOT NULL,
  `dc_nuit` varchar(11) NOT NULL,
  `inst_jour` varchar(11) NOT NULL,
  `inst_nuit` varchar(11) NOT NULL,
  `simu` varchar(11) NOT NULL,
  `ifr` varchar(11) NOT NULL,
  `arri_ifr` varchar(11) NOT NULL,
  `total` varchar(11) NOT NULL
) ENGINE=InnoDB AUTO_INCREMENT=33 DEFAULT CHARSET=utf8;

--
-- Contenu de la table `hdv_par_avion`
--

INSERT INTO `hdv_par_avion` (`id`, `type`, `cdb_jour`, `cdb_nuit`, `opl_jour`, `opl_nuit`, `dc_jour`, `dc_nuit`, `inst_jour`, `inst_nuit`, `simu`, `ifr`, `arri_ifr`, `total`) VALUES
(2, 'A340', '0:00', '0:00', '914:04', '803:53', '0:00', '0:00', '0:00', '0:00', '61:00', '1746:57', '227', '1717:57'),
(3, 'A341', '0:00', '0:00', '845:38', '752:57', '0:00', '0:00', '0:00', '0:00', '47:30', '1637:23', '229', '1598:35'),
(4, 'A342', '118:42', '34:41', '0:00', '0:00', '0:00', '0:00', '0:00', '0:00', '0:00', '153:23', '94', '153:23'),
(5, 'A318', '', '', '', '', '', '', '', '', '', '', '', ''),
(6, 'A319', '', '', '', '', '', '', '', '', '', '', '', ''),
(7, 'A320', '', '', '', '', '', '', '', '', '', '', '', ''),
(8, 'A321', '', '', '', '', '', '', '', '', '', '', '', ''),
(9, 'AJET', '657:50', '51:40', '75:05', '4:25', '64:15', '7:00', '613:05', '0:00', '60:15', '19:35', '146', '860:15'),
(10, 'B737', '0:00', '0:00', '0:00', '0:00', '0:00', '0:00', '0:00', '0:00', '60:00', '0:00', '0', '0:00'),
(11, 'BE55', '0:00', '0:00', '0:00', '0:00', '42:45', '0:00', '0:00', '0:00', '30:00', '37:30', '62', '42:45'),
(12, 'CM170', '1043:15', '65:05', '187:20', '7:40', '96:55', '7:40', '884:30', '0:00', '62:30', '115:55', '181', '1407:55'),
(13, 'M20', '1:30', '0:00', '31:15', '2:25', '0:00', '0:00', '0:00', '0:00', '0:00', '0:00', '4', '35:10'),
(15, 'C152', '47:20', '0:00', '0:00', '0:00', '0:00', '0:00', '47:00', '0:00', '0:00', '0:00', '0', '47:20'),
(16, 'C172', '23:25', '0:00', '0:00', '0:00', '0:00', '0:00', '18:00', '0:00', '0:00', '0:00', '0', '23:25'),
(17, 'C177', '0:40', '0:00', '0:00', '0:00', '3:45', '0:00', '0:00', '0:00', '0:00', '0:00', '0', '4:25'),
(18, 'CAP10', '4:45', '0:00', '0:00', '0:00', '44:20', '0:00', '0:55', '0:00', '0:00', '0:00', '0', '49:05'),
(19, 'CO02', '10:05', '0:00', '0:00', '0:00', '0:30', '0:00', '10:05', '0:00', '0:00', '0:00', '0', '10:35'),
(20, 'divers', '21:50', '0:00', '0:00', '0:00', '1:40', '0:00', '20:35', '0:00', '0:00', '0:00', '0', '23:30'),
(21, 'DR360', '4:35', '0:00', '0:00', '0:00', '0:20', '0:00', '0:00', '0:00', '0:00', '0:00', '0', '4:55'),
(22, 'DR400', '190:30', '0:00', '0:00', '0:00', '2:25', '0:00', '161:50', '0:00', '0:00', '0:00', '0', '192:55'),
(23, 'F1CR', '917:30', '65:10', '0:00', '0:00', '31:35', '2:00', '0:00', '0:00', '82:00', '26:00', '167', '1016:15'),
(24, 'F1CT', '747:55', '38:10', '0:00', '0:00', '4:30', '0:00', '0:00', '0:00', '23:00', '2:30', '79', '790:35'),
(25, 'HR200', '51:30', '0:00', '0:00', '0:00', '48:10', '0:00', '10:30', '0:00', '', '0:00', '0', '99:40'),
(26, 'J3', '27:25', '0:00', '0:00', '0:00', '0:40', '0:00', '25:15', '0:00', '0:00', '0:00', '0', '28:05'),
(27, 'M201', '1:00', '0:00', '0:00', '0:00', '0:00', '0:00', '1:00', '0:00', '0:00', '0:00', '0', '1:00'),
(28, 'M893', '1:55', '0:00', '0:00', '0:00', '0:00', '0:00', '1:55', '0:00', '0:00', '0:00', '0', '1:55'),
(29, 'MS880', '259:00', '0:00', '0:00', '0:00', '20:35', '0:00', '201:10', '0:00', '0:00', '0:00', '0', '279:35'),
(30, 'R1180', '0:00', '0:00', '0:00', '0:00', '6:20', '0:00', '0:00', '0:00', '0:00', '0:00', '0', '6:20'),
(31, 'R2100', '1:05', '0:00', '0:00', '0:00', '0:00', '0:00', '0:00', '0:00', '0:00', '0:00', '0', '1:05'),
(32, 'TB10', '7:35', '0:00', '0:00', '0:00', '2:25', '0:00', '0:00', '0:00', '0:00', '0:00', '0', '10:00');

-- --------------------------------------------------------

--
-- Structure de la table `immat_type`
--

CREATE TABLE IF NOT EXISTS `immat_type` (
  `id` int(11) NOT NULL,
  `immatriculation` varchar(8) NOT NULL,
  `type` int(3) NOT NULL
) ENGINE=InnoDB AUTO_INCREMENT=193 DEFAULT CHARSET=utf8;

--
-- Contenu de la table `immat_type`
--

INSERT INTO `immat_type` (`id`, `immatriculation`, `type`) VALUES
(1, 'FGFKA', 3),
(2, 'FGFKB', 3),
(3, 'FGFKD', 3),
(4, 'FGFKE', 3),
(5, 'FGFKF', 3),
(6, 'FGFKG', 3),
(7, 'FGFKH', 3),
(8, 'FGFKI', 3),
(9, 'FGFKJ', 3),
(10, 'FGFKJ', 3),
(11, 'FGFKK', 3),
(12, 'FGFKL', 3),
(13, 'FGFKM', 3),
(14, 'FGFKN', 3),
(15, 'FGFKO', 3),
(16, 'FGFKP', 3),
(17, 'FGFKQ', 3),
(18, 'FGFKR', 3),
(19, 'FGFKS', 3),
(20, 'FGFKT', 3),
(21, 'FGFKU', 3),
(22, 'FGFKV', 3),
(23, 'FGFKX', 3),
(24, 'FGFKY', 3),
(25, 'FGFKZ', 3),
(26, 'FGGEA', 3),
(27, 'FGGEB', 3),
(28, 'FGGEC', 3),
(29, 'FGGEE', 3),
(30, 'FGGEF', 3),
(31, 'FGGEG', 3),
(32, 'FGHQA', 3),
(33, 'FGHQB', 3),
(34, 'FGHQC', 3),
(35, 'FGHQD', 3),
(36, 'FGHQE', 3),
(37, 'FGHQF', 3),
(38, 'FGHQG', 3),
(39, 'FGHQH', 3),
(40, 'FGHQI', 3),
(41, 'FGHQJ', 3),
(42, 'FGHQK', 3),
(43, 'FGHQL', 3),
(44, 'FGHQM', 3),
(45, 'FGHQO', 3),
(46, 'FGHQP', 3),
(47, 'FGHQQ', 3),
(48, 'FGHQR', 3),
(49, 'FGJVA', 3),
(50, 'FGJVB', 3),
(51, 'FGJVG', 3),
(52, 'FGJVW', 3),
(53, 'FGKXA', 3),
(54, 'FGKXB', 3),
(55, 'FGKXC', 3),
(56, 'FGKXD', 3),
(57, 'FGKXE', 3),
(58, 'FGKXF', 3),
(59, 'FGKXG', 3),
(60, 'FGKXH', 3),
(61, 'FGKXI', 3),
(62, 'FGKXJ', 3),
(63, 'FGKXK', 3),
(64, 'FGKXL', 3),
(65, 'FGKXM', 3),
(66, 'FGKXN', 3),
(67, 'FGKXO', 3),
(68, 'FGKXP', 3),
(69, 'FGKXQ', 3),
(70, 'FGKXR', 3),
(71, 'FGKXS', 3),
(72, 'FGKXT', 3),
(73, 'FGKXU', 3),
(74, 'FGKXV', 3),
(75, 'FGKXY', 3),
(76, 'FGKXZ', 3),
(77, 'FGLGG', 3),
(78, 'FGLGH', 3),
(79, 'FGLGM', 3),
(80, 'FGMZA', 4),
(81, 'FGMZB', 4),
(82, 'FGMZC', 4),
(83, 'FGMZD', 4),
(84, 'FGMZE', 4),
(85, 'FGPMA', 2),
(86, 'FGPMB', 2),
(87, 'FGPMC', 2),
(88, 'FGPMD', 2),
(89, 'FGPME', 2),
(90, 'FGPMF', 2),
(91, 'FGPMG', 2),
(92, 'FGRHA', 2),
(93, 'FGRHB', 2),
(94, 'FGRHC', 2),
(95, 'FGRHD', 2),
(96, 'FGRHE', 2),
(97, 'FGRHF', 2),
(98, 'FGRHG', 2),
(99, 'FGRHH', 2),
(100, 'FGRHI', 2),
(101, 'FGRHJ', 2),
(102, 'FGRHK', 2),
(103, 'FGRHL', 2),
(104, 'FGRHM', 2),
(105, 'FGRHN', 2),
(106, 'FGRHO', 2),
(107, 'FGRHP', 2),
(108, 'FGRHQ', 2),
(109, 'FGRHR', 2),
(110, 'FGRHS', 2),
(111, 'FGRHT', 2),
(112, 'FGRHU', 2),
(113, 'FGRHV', 2),
(114, 'FGRHX', 2),
(115, 'FGRHY', 2),
(116, 'FGRHZ', 2),
(117, 'FGRXA', 2),
(118, 'FGRXB', 2),
(119, 'FGRXC', 2),
(120, 'FGRXD', 2),
(121, 'FGRXE', 2),
(122, 'FGRXF', 2),
(123, 'FGRXG', 2),
(124, 'FGRXH', 2),
(125, 'FGRXI', 2),
(126, 'FGRXJ', 2),
(127, 'FGRXK', 2),
(128, 'FGRXL', 2),
(129, 'FGRXM', 2),
(130, 'FGRXN', 2),
(131, 'FGRXR', 2),
(132, 'FGTAD', 4),
(133, 'FGTAE', 4),
(134, 'FGTAH', 4),
(135, 'FGTAI', 4),
(136, 'FGTAJ', 4),
(137, 'FGTAK', 4),
(138, 'FGTAL', 4),
(139, 'FGTAM', 4),
(140, 'FGTAN', 4),
(141, 'FGTAO', 4),
(142, 'FGTAP', 4),
(143, 'FGTAQ', 4),
(144, 'FGTAR', 4),
(145, 'FGTAS', 4),
(146, 'FGTAT', 4),
(147, 'FGTAU', 4),
(148, 'FGTAV', 4),
(149, 'FGTAX', 4),
(150, 'FGTAY', 4),
(151, 'FGTAZ', 4),
(152, 'FGUGA', 1),
(153, 'FGUGB', 1),
(154, 'FGUGC', 1),
(155, 'FGUGD', 1),
(156, 'FGUGE', 1),
(157, 'FGUGF', 1),
(158, 'FGUGG', 1),
(159, 'FGUGH', 1),
(160, 'FGUGI', 1),
(161, 'FGUGJ', 1),
(162, 'FGUGK', 1),
(163, 'FGUGL', 1),
(164, 'FGUGM', 1),
(165, 'FGUGN', 1),
(166, 'FGUGO', 1),
(167, 'FGUGP', 1),
(168, 'FGUGQ', 1),
(169, 'FGUGR', 1),
(170, 'FHBNA', 3),
(171, 'FHBNC', 3),
(172, 'FHBND', 3),
(173, 'FHBNG', 3),
(174, 'FHEPA', 3),
(175, 'FHEPB', 3),
(176, 'FHEPC', 3),
(177, 'FHEPD', 3),
(178, 'FHEPE', 3),
(179, 'simu318', 1),
(180, 'simu319', 2),
(181, 'simu320', 3),
(182, 'simu321', 4),
(189, 'simuA318', 1),
(190, 'simuA319', 2),
(191, 'simuA320', 3),
(192, 'simuA312', 4);

-- --------------------------------------------------------

--
-- Structure de la table `nb_moteurs_avion`
--

CREATE TABLE IF NOT EXISTS `nb_moteurs_avion` (
  `id` int(11) NOT NULL,
  `nb_moteurs_avion` varchar(20) NOT NULL
) ENGINE=InnoDB AUTO_INCREMENT=3 DEFAULT CHARSET=utf8;

--
-- Contenu de la table `nb_moteurs_avion`
--

INSERT INTO `nb_moteurs_avion` (`id`, `nb_moteurs_avion`) VALUES
(1, 'Monomoteur'),
(2, 'Multimoteur');

-- --------------------------------------------------------

--
-- Structure de la table `pilote`
--

CREATE TABLE IF NOT EXISTS `pilote` (
  `id` int(11) NOT NULL,
  `prenom-pilote` varchar(255) NOT NULL,
  `nom_pilote` varchar(255) NOT NULL
) ENGINE=InnoDB DEFAULT CHARSET=latin1;

-- --------------------------------------------------------

--
-- Structure de la table `poste`
--

CREATE TABLE IF NOT EXISTS `poste` (
  `poste_id` int(11) NOT NULL,
  `poste` varchar(255) NOT NULL,
  `poste_abbr` varchar(10) NOT NULL
) ENGINE=InnoDB AUTO_INCREMENT=5 DEFAULT CHARSET=latin1;

--
-- Contenu de la table `poste`
--

INSERT INTO `poste` (`poste_id`, `poste`, `poste_abbr`) VALUES
(1, 'Commandant de bord', 'cdb'),
(2, 'Copilote', 'opl'),
(3, 'Instructeur', 'instruct'),
(4, 'Observateur', 'obs');

-- --------------------------------------------------------

--
-- Structure de la table `recap`
--

CREATE TABLE IF NOT EXISTS `recap` (
  `id` int(11) NOT NULL,
  `type_avion` int(11) DEFAULT NULL,
  `cdb_jour_heures` int(11) NOT NULL,
  `cdb_jour_minutes` int(11) NOT NULL,
  `cdb_nuit_heures` int(11) NOT NULL,
  `cdb_nuit_minutes` int(11) NOT NULL,
  `opl_jour_heures` int(11) NOT NULL,
  `opl_jour_minutes` int(11) NOT NULL,
  `opl_nuit_heures` int(11) NOT NULL,
  `opl_nuit_minutes` int(11) NOT NULL,
  `dc_jour_heures` int(11) NOT NULL,
  `dc_jour_minutes` int(11) NOT NULL,
  `dc_nuit_heures` int(11) NOT NULL,
  `dc_nuit_minutes` int(11) NOT NULL,
  `instruct_jour_heures` int(11) NOT NULL,
  `instruct_jour_minutes` int(11) NOT NULL,
  `instruct_nuit_heures` int(11) NOT NULL,
  `instruct_nuit_minutes` int(11) NOT NULL,
  `simu_heures` int(11) NOT NULL,
  `simu_minutes` int(11) NOT NULL,
  `ifr_heures` int(11) NOT NULL,
  `ifr_minutes` int(11) NOT NULL,
  `arrivees_ifr` int(11) NOT NULL
) ENGINE=InnoDB AUTO_INCREMENT=31 DEFAULT CHARSET=utf8;

--
-- Contenu de la table `recap`
--

INSERT INTO `recap` (`id`, `type_avion`, `cdb_jour_heures`, `cdb_jour_minutes`, `cdb_nuit_heures`, `cdb_nuit_minutes`, `opl_jour_heures`, `opl_jour_minutes`, `opl_nuit_heures`, `opl_nuit_minutes`, `dc_jour_heures`, `dc_jour_minutes`, `dc_nuit_heures`, `dc_nuit_minutes`, `instruct_jour_heures`, `instruct_jour_minutes`, `instruct_nuit_heures`, `instruct_nuit_minutes`, `simu_heures`, `simu_minutes`, `ifr_heures`, `ifr_minutes`, `arrivees_ifr`) VALUES
(1, 5, 0, 0, 0, 0, 914, 4, 803, 53, 0, 0, 0, 0, 0, 0, 0, 0, 61, 0, 1746, 57, 227),
(2, 6, 0, 0, 0, 0, 845, 38, 752, 57, 0, 0, 0, 0, 0, 0, 0, 0, 47, 30, 1637, 23, 229),
(3, 7, 118, 42, 34, 41, 0, 0, 0, 0, 0, 0, 0, 0, 0, 0, 0, 0, 0, 0, 153, 23, 94),
(4, 1, 0, 0, 0, 0, 0, 0, 0, 0, 0, 0, 0, 0, 0, 0, 0, 0, 0, 0, 0, 0, 0),
(5, 2, 0, 0, 0, 0, 0, 0, 0, 0, 0, 0, 0, 0, 0, 0, 0, 0, 0, 0, 0, 0, 0),
(6, 3, 0, 0, 0, 0, 0, 0, 0, 0, 0, 0, 0, 0, 0, 0, 0, 0, 0, 0, 0, 0, 0),
(7, 4, 0, 0, 0, 0, 0, 0, 0, 0, 0, 0, 0, 0, 0, 0, 0, 0, 0, 0, 0, 0, 0),
(8, 8, 657, 50, 51, 40, 75, 5, 4, 25, 64, 15, 7, 0, 613, 5, 0, 0, 60, 15, 19, 35, 146),
(9, 9, 0, 0, 0, 0, 0, 0, 0, 0, 0, 0, 0, 0, 0, 0, 0, 0, 60, 0, 0, 0, 0),
(10, 10, 0, 0, 0, 0, 0, 0, 0, 0, 42, 45, 0, 0, 0, 0, 0, 0, 30, 0, 37, 30, 62),
(11, 11, 1043, 15, 65, 5, 187, 20, 7, 40, 96, 55, 7, 40, 884, 30, 0, 0, 62, 30, 115, 55, 181),
(12, 12, 1, 30, 0, 0, 31, 15, 2, 25, 0, 0, 0, 0, 0, 0, 0, 0, 0, 0, 0, 0, 4),
(13, 13, 47, 20, 0, 0, 0, 0, 0, 0, 0, 0, 0, 0, 47, 0, 0, 0, 0, 0, 0, 0, 0),
(14, 14, 23, 25, 0, 0, 0, 0, 0, 0, 0, 0, 0, 0, 18, 0, 0, 0, 0, 0, 0, 0, 0),
(15, 15, 0, 40, 0, 0, 0, 0, 0, 0, 3, 45, 0, 0, 0, 0, 0, 0, 0, 0, 0, 0, 0),
(16, 16, 4, 45, 0, 0, 0, 0, 0, 0, 44, 20, 0, 0, 0, 55, 0, 0, 0, 0, 0, 0, 0),
(17, 17, 10, 5, 0, 0, 0, 0, 0, 0, 0, 30, 0, 0, 10, 5, 0, 0, 0, 0, 0, 0, 0),
(18, 18, 21, 50, 0, 0, 0, 0, 0, 0, 1, 40, 0, 0, 20, 35, 0, 0, 0, 0, 0, 0, 0),
(19, 19, 4, 35, 0, 0, 0, 0, 0, 0, 0, 20, 0, 0, 0, 0, 0, 0, 0, 0, 0, 0, 0),
(20, 20, 190, 30, 0, 0, 0, 0, 0, 0, 2, 25, 0, 0, 161, 50, 0, 0, 0, 0, 0, 0, 0),
(21, 21, 917, 30, 65, 10, 0, 0, 0, 0, 31, 35, 2, 0, 0, 0, 0, 0, 82, 0, 26, 0, 167),
(22, 22, 747, 55, 38, 10, 0, 0, 0, 0, 4, 30, 0, 0, 0, 0, 0, 0, 23, 0, 2, 30, 79),
(23, 23, 51, 30, 0, 0, 0, 0, 0, 0, 48, 10, 0, 0, 10, 30, 0, 0, 0, 0, 0, 0, 0),
(24, 24, 27, 25, 0, 0, 0, 0, 0, 0, 0, 40, 0, 0, 25, 15, 0, 0, 0, 0, 0, 0, 0),
(25, 25, 1, 0, 0, 0, 0, 0, 0, 0, 0, 0, 0, 0, 1, 0, 0, 0, 0, 0, 0, 0, 0),
(26, 26, 1, 55, 0, 0, 0, 0, 0, 0, 0, 0, 0, 0, 1, 55, 0, 0, 0, 0, 0, 0, 0),
(27, 27, 259, 0, 0, 0, 0, 0, 0, 0, 20, 35, 0, 0, 201, 10, 0, 0, 0, 0, 0, 0, 0),
(28, 28, 0, 0, 0, 0, 0, 0, 0, 0, 6, 20, 0, 0, 0, 0, 0, 0, 0, 0, 0, 0, 0),
(29, 29, 1, 5, 0, 0, 0, 0, 0, 0, 0, 0, 0, 0, 0, 0, 0, 0, 0, 0, 0, 0, 0),
(30, 30, 7, 35, 0, 0, 0, 0, 0, 0, 2, 25, 0, 0, 0, 0, 0, 0, 0, 0, 0, 0, 0);

-- --------------------------------------------------------

--
-- Structure de la table `types_avion`
--

CREATE TABLE IF NOT EXISTS `types_avion` (
  `id_avion` int(11) NOT NULL,
  `type` varchar(10) NOT NULL,
  `type_avion` int(11) DEFAULT NULL
) ENGINE=InnoDB AUTO_INCREMENT=31 DEFAULT CHARSET=utf8;

--
-- Contenu de la table `types_avion`
--

INSERT INTO `types_avion` (`id_avion`, `type`, `type_avion`) VALUES
(1, 'A318', 2),
(2, 'A319', 2),
(3, 'A320', 2),
(4, 'A321', 2),
(5, 'A340', 2),
(6, 'A341', 2),
(7, 'A342', 2),
(8, 'AJET', 2),
(9, 'B737', 2),
(10, 'BE55', 2),
(11, 'CM170', 2),
(12, 'M20', 2),
(13, 'C152', 1),
(14, 'C172', 1),
(15, 'C177', 1),
(16, 'CAP10', 1),
(17, 'CO02', 1),
(18, 'Divers', 1),
(19, 'DR360', 1),
(20, 'DR400', 1),
(21, 'F1CR', 1),
(22, 'F1CT', 1),
(23, 'HR200', 1),
(24, 'J3', 1),
(25, 'M201', 1),
(26, 'M893', 1),
(27, 'MS880', 1),
(28, 'R1180', 1),
(29, 'R2100', 1),
(30, 'TB10', 1);

-- --------------------------------------------------------

--
-- Structure de la table `vols`
--

CREATE TABLE IF NOT EXISTS `vols` (
  `id` int(11) NOT NULL,
  `date_vol` int(11) NOT NULL,
  `nom_cdb` varchar(255) NOT NULL,
  `prenom_cdb` varchar(255) NOT NULL,
  `nom_opl` varchar(255) NOT NULL,
  `prenom_opl` varchar(255) NOT NULL,
  `nom_obs1` varchar(255) NOT NULL,
  `prenom_obs1` varchar(255) NOT NULL,
  `nom_obs2` varchar(255) NOT NULL,
  `prenom_obs2` varchar(255) NOT NULL,
  `nom_instructeur` varchar(255) NOT NULL,
  `prenom_instructeur` varchar(255) NOT NULL,
  `depart` int(4) NOT NULL,
  `arrivee` int(4) NOT NULL,
  `cdb_jour_heures` int(2) NOT NULL,
  `cdb_jour_minutes` int(2) NOT NULL,
  `cdb_nuit_heures` int(2) NOT NULL,
  `cdb_nuit_minutes` int(2) NOT NULL,
  `opl_jour_heures` int(2) NOT NULL,
  `opl_jour_minutes` int(2) NOT NULL,
  `opl_nuit_heures` int(2) NOT NULL,
  `opl_nuit_minutes` int(2) NOT NULL,
  `dc_jour_heures` int(2) NOT NULL,
  `dc_jour_minutes` int(2) NOT NULL,
  `dc_nuit_heures` int(2) NOT NULL,
  `dc_nuit_minutes` int(2) NOT NULL,
  `instructeur_jour_heures` int(2) NOT NULL,
  `instructeur_jour_minutes` int(2) NOT NULL,
  `instructeur_nuit_heures` int(2) NOT NULL,
  `instructeur_nuit_minutes` int(2) NOT NULL,
  `simu_heures` int(2) NOT NULL,
  `simu_minutes` int(2) NOT NULL,
  `ifr_heures` int(2) NOT NULL,
  `ifr_minutes` int(2) NOT NULL,
  `arr_ifr` int(2) NOT NULL,
  `fonction` int(3) NOT NULL,
  `poste_id` int(3) NOT NULL,
  `immat_id` int(5) NOT NULL,
  `observations` text NOT NULL
) ENGINE=InnoDB AUTO_INCREMENT=279 DEFAULT CHARSET=utf8;

--
-- Contenu de la table `vols`
--

INSERT INTO `vols` (`id`, `date_vol`, `nom_cdb`, `prenom_cdb`, `nom_opl`, `prenom_opl`, `nom_obs1`, `prenom_obs1`, `nom_obs2`, `prenom_obs2`, `nom_instructeur`, `prenom_instructeur`, `depart`, `arrivee`, `cdb_jour_heures`, `cdb_jour_minutes`, `cdb_nuit_heures`, `cdb_nuit_minutes`, `opl_jour_heures`, `opl_jour_minutes`, `opl_nuit_heures`, `opl_nuit_minutes`, `dc_jour_heures`, `dc_jour_minutes`, `dc_nuit_heures`, `dc_nuit_minutes`, `instructeur_jour_heures`, `instructeur_jour_minutes`, `instructeur_nuit_heures`, `instructeur_nuit_minutes`, `simu_heures`, `simu_minutes`, `ifr_heures`, `ifr_minutes`, `arr_ifr`, `fonction`, `poste_id`, `immat_id`, `observations`) VALUES
(1, 1357081200, '', '', 'Sirac', 'Jean-Michel', '', '', '', '', '', '', 1, 2, 1, 21, 0, 56, 0, 56, 0, 0, 0, 0, 0, 0, 0, 0, 0, 0, 0, 0, 0, 0, 1, 1, 1, 67, 'ATR CAT III'),
(2, 1357081200, '', '', 'Sirac', 'Jean-Michel', '', '', '', '', '', '', 2, 1, 1, 52, 0, 0, 0, 0, 0, 0, 0, 0, 0, 0, 0, 0, 0, 0, 0, 0, 0, 0, 1, 2, 1, 67, ''),
(3, 1357081200, '', '', 'Sirac', 'Jean-Michel', '', '', '', '', '', '', 1, 3, 1, 10, 0, 0, 0, 0, 0, 0, 0, 0, 0, 0, 0, 0, 0, 0, 0, 0, 0, 0, 1, 2, 1, 67, ''),
(4, 1357167600, '', '', 'Sirac', 'Jean-Michel', '', '', '', '', '', '', 3, 1, 0, 0, 1, 6, 1, 6, 0, 0, 0, 0, 0, 0, 0, 0, 0, 0, 0, 0, 0, 0, 1, 1, 1, 104, 'ATR CAT III'),
(5, 1357167600, '', '', 'Sirac', 'Jean-Michel', '', '', '', '', '', '', 1, 4, 4, 35, 0, 0, 0, 0, 0, 0, 0, 0, 0, 0, 0, 0, 0, 0, 0, 0, 0, 0, 1, 2, 1, 62, ''),
(6, 1357254000, '', '', 'Sirac', 'Jean-Michel', '', '', '', '', '', '', 4, 1, 4, 54, 0, 0, 0, 0, 0, 0, 0, 0, 0, 0, 0, 0, 0, 0, 0, 0, 0, 0, 1, 1, 1, 75, ''),
(7, 1357513200, '', '', 'Sirac', 'Jean-Michel', '', '', '', '', '', '', 1, 5, 1, 7, 0, 23, 0, 23, 0, 0, 0, 0, 0, 0, 0, 0, 0, 0, 0, 0, 0, 0, 1, 2, 1, 42, ''),
(8, 1357513200, '', '', 'Sirac', 'Jean-Michel', '', '', '', '', '', '', 5, 1, 0, 0, 1, 29, 1, 29, 0, 0, 0, 0, 0, 0, 0, 0, 0, 0, 0, 0, 0, 0, 1, 2, 1, 42, ''),
(9, 1357513200, '', '', 'Sirac', 'Jean-Michel', '', '', '', '', '', '', 1, 6, 0, 0, 1, 9, 1, 9, 0, 0, 0, 0, 0, 0, 0, 0, 0, 0, 0, 0, 0, 0, 1, 1, 1, 167, ''),
(10, 1357686000, '', '', 'Sirac', 'Jean-Michel', '', '', '', '', '', '', 6, 1, 0, 0, 1, 21, 1, 21, 0, 0, 0, 0, 0, 0, 0, 0, 0, 0, 0, 0, 0, 0, 1, 1, 1, 157, ''),
(11, 1357686000, '', '', 'Sirac', 'Jean-Michel', '', '', '', '', '', '', 1, 7, 3, 37, 0, 0, 0, 0, 0, 0, 0, 0, 0, 0, 0, 0, 0, 0, 0, 0, 0, 0, 1, 2, 1, 73, ''),
(12, 1357772400, '', '', 'Sirac', 'Jean-Michel', '', '', '', '', '', '', 7, 1, 1, 0, 2, 58, 2, 58, 0, 0, 0, 0, 0, 0, 0, 0, 0, 0, 0, 0, 0, 0, 1, 2, 1, 102, 'ATR CAT III'),
(13, 1358982000, '', '', 'Soula', 'Jory', '', '', '', '', '', '', 1, 7, 3, 1, 0, 42, 0, 42, 0, 0, 0, 0, 0, 0, 0, 0, 0, 0, 0, 0, 0, 0, 1, 2, 1, 106, ''),
(14, 1358982000, '', '', 'Soula', 'Jory', '', '', '', '', '', '', 7, 1, 3, 56, 0, 0, 0, 0, 0, 0, 0, 0, 0, 0, 0, 0, 0, 0, 0, 0, 0, 0, 1, 1, 1, 106, 'DÃ©givrage SVO'),
(15, 1359068400, '', '', 'Lipinski', 'Laure', '', '', '', '', '', '', 1, 5, 1, 36, 0, 0, 0, 0, 0, 0, 0, 0, 0, 0, 0, 0, 0, 0, 0, 0, 0, 0, 1, 1, 1, 24, 'RÃ©serve'),
(16, 1359068400, '', '', 'Lipinski', 'Laure', '', '', '', '', '', '', 5, 1, 1, 29, 0, 0, 0, 0, 0, 0, 0, 0, 0, 0, 0, 0, 0, 0, 0, 0, 0, 0, 1, 2, 1, 24, 'RÃ©serve'),
(17, 1359414000, '', '', 'Hamon', 'FrÃ©dÃ©ric', 'Gilles', 'Vincent', '', '', 'Vignier', 'Denis', -1, 0, 0, 0, 0, 0, 0, 0, 0, 0, 0, 0, 0, 0, 0, 0, 0, 0, 0, 0, 0, 0, 2, 3, 1, 181, 'E1'),
(18, 1359500400, '', '', 'Hamon', 'FrÃ©dÃ©ric', '', '', '', '', 'Dermineur', 'Gilles', -1, 0, 0, 0, 0, 0, 0, 0, 0, 0, 0, 0, 0, 0, 0, 0, 0, 0, 0, 0, 0, 0, 2, 3, 1, 181, 'C1'),
(19, 1359759600, '', '', 'Gorris', 'Romain', '', '', '', '', '', '', 1, 8, 0, 43, 0, 46, 0, 46, 0, 0, 0, 0, 0, 0, 0, 0, 0, 0, 0, 0, 0, 0, 1, 2, 1, 60, ''),
(20, 1359759600, '', '', 'Gorris', 'Romain', '', '', '', '', '', '', 8, 1, 1, 25, 0, 0, 0, 0, 0, 0, 0, 0, 0, 0, 0, 0, 0, 0, 0, 0, 0, 0, 1, 2, 1, 60, ''),
(21, 1359759600, '', '', 'Gorris', 'Romain', '', '', '', '', '', '', 1, 9, 2, 2, 0, 0, 0, 0, 0, 0, 0, 0, 0, 0, 0, 0, 0, 0, 0, 0, 0, 0, 1, 1, 1, 60, ''),
(22, 1359846000, '', '', 'Gorris', 'Romain', '', '', '', '', '', '', 9, 1, 1, 47, 0, 36, 0, 36, 0, 0, 0, 0, 0, 0, 0, 0, 0, 0, 0, 0, 0, 0, 1, 1, 1, 137, ''),
(23, 1359932400, '', '', 'Lecuyer', 'Jean-FranÃ§ois', '', '', '', '', '', '', 10, 11, 1, 20, 0, 0, 0, 0, 0, 0, 0, 0, 0, 0, 0, 0, 0, 0, 0, 0, 0, 0, 1, 1, 1, 84, 'ArrivÃ©e Ã  vue'),
(24, 1359932400, '', '', 'Lecuyer', 'Jean-FranÃ§ois', '', '', '', '', '', '', 11, 10, 0, 58, 0, 29, 0, 29, 0, 0, 0, 0, 0, 0, 0, 0, 0, 0, 0, 0, 0, 0, 1, 1, 1, 84, ''),
(25, 1359932400, '', '', 'Lecuyer', 'Jean-FranÃ§ois', '', '', '', '', '', '', 10, 12, 0, 0, 1, 9, 1, 9, 0, 0, 0, 0, 0, 0, 0, 0, 0, 0, 0, 0, 0, 0, 1, 2, 1, 84, ''),
(26, 1360018800, '', '', 'Lecuyer', 'Jean-FranÃ§ois', '', '', '', '', '', '', 12, 10, 1, 19, 0, 0, 0, 0, 0, 0, 0, 0, 0, 0, 0, 0, 0, 0, 0, 0, 0, 0, 1, 1, 1, 169, ''),
(27, 1360018800, '', '', 'Lecuyer', 'Jean-FranÃ§ois', '', '', '', '', '', '', 10, 13, 1, 15, 0, 0, 0, 0, 0, 0, 0, 0, 0, 0, 0, 0, 0, 0, 0, 0, 0, 0, 0, 2, 1, 169, 'ArrivÃ©e Ã  vue'),
(28, 1360105200, '', '', 'Lecuyer', 'Jean-FranÃ§ois', '', '', '', '', '', '', 13, 10, 0, 0, 1, 31, 1, 31, 0, 0, 0, 0, 0, 0, 0, 0, 0, 0, 0, 0, 0, 0, 1, 2, 1, 173, ''),
(29, 1360796400, '', '', 'Hocquet', 'Emmanuel', '', '', '', '', '', '', 1, 14, 1, 15, 0, 0, 0, 0, 0, 0, 0, 0, 0, 0, 0, 0, 0, 0, 0, 0, 0, 0, 1, 1, 1, 166, ''),
(30, 1360796400, '', '', 'Hocquet', 'Emmanuel', '', '', '', '', '', '', 14, 1, 0, 0, 1, 27, 1, 27, 0, 0, 0, 0, 0, 0, 0, 0, 0, 0, 0, 0, 0, 0, 1, 1, 1, 166, ''),
(31, 1360796400, '', '', 'Hocquet', 'Emmanuel', '', '', '', '', '', '', 1, 14, 0, 0, 1, 11, 1, 11, 0, 0, 0, 0, 0, 0, 0, 0, 0, 0, 0, 0, 0, 0, 1, 2, 1, 166, ''),
(32, 1360882800, '', '', 'Hocquet', 'Emmanuel', '', '', '', '', '', '', 14, 1, 1, 15, 0, 0, 0, 0, 0, 0, 0, 0, 0, 0, 0, 0, 0, 0, 0, 0, 0, 0, 0, 1, 1, 112, ''),
(33, 1360882800, '', '', 'Hocquet', 'Emmanuel', '', '', '', '', '', '', 1, 7, 0, 0, 3, 33, 3, 33, 0, 0, 0, 0, 0, 0, 0, 0, 0, 0, 0, 0, 0, 0, 1, 2, 1, 112, ''),
(34, 1360969200, '', '', 'Hocquet', 'Emmanuel', '', '', '', '', '', '', 7, 1, 3, 44, 0, 0, 0, 0, 0, 0, 0, 0, 0, 0, 0, 0, 0, 0, 0, 0, 0, 0, 1, 2, 1, 60, ''),
(35, 1360969200, '', '', 'Hocquet', 'Emmanuel', '', '', '', '', '', '', 1, 15, 0, 0, 1, 53, 1, 53, 0, 0, 0, 0, 0, 0, 0, 0, 0, 0, 0, 0, 0, 0, 1, 1, 1, 166, ''),
(36, 1361055600, '', '', 'Hocquet', 'Emmanuel', '', '', '', '', '', '', 15, 1, 1, 47, 0, 0, 0, 0, 0, 0, 0, 0, 0, 0, 0, 0, 0, 0, 0, 0, 0, 0, 1, 1, 1, 61, ''),
(37, 1361055600, '', '', 'Hocquet', 'Emmanuel', '', '', '', '', '', '', 1, 16, 2, 28, 0, 0, 0, 0, 0, 0, 0, 0, 0, 0, 0, 0, 0, 0, 0, 0, 0, 0, 1, 2, 1, 61, ''),
(38, 1361055600, '', '', 'Hocquet', 'Emmanuel', '', '', '', '', '', '', 16, 1, 0, 0, 2, 21, 2, 21, 0, 0, 0, 0, 0, 0, 0, 0, 0, 0, 0, 0, 0, 0, 1, 2, 1, 61, 'Crasdab'),
(39, 1362006000, '', '', 'Quatrefages', 'Denis', '', '', '', '', '', '', 1, 5, 1, 33, 0, 0, 0, 0, 0, 0, 0, 0, 0, 0, 0, 0, 0, 0, 0, 0, 0, 0, 1, 2, 1, 70, ''),
(40, 1362006000, '', '', 'Quatrefages', 'Denis', '', '', '', '', '', '', 5, 1, 0, 0, 1, 29, 1, 29, 0, 0, 0, 0, 0, 0, 0, 0, 0, 0, 0, 0, 0, 0, 1, 2, 1, 70, ''),
(41, 1362006000, '', '', 'Quatrefages', 'Denis', '', '', '', '', '', '', 1, 17, 0, 0, 1, 38, 1, 38, 0, 0, 0, 0, 0, 0, 0, 0, 0, 0, 0, 0, 0, 0, 1, 1, 1, 70, ''),
(42, 1362092400, '', '', 'Quatrefages', 'Denis', '', '', '', '', '', '', 17, 1, 0, 0, 1, 46, 1, 46, 0, 0, 0, 0, 0, 0, 0, 0, 0, 0, 0, 0, 0, 0, 1, 1, 1, 178, '1 PNC dÃ©barque Pb personnel.'),
(43, 1362092400, '', '', 'Quatrefages', 'Denis', '', '', '', '', '', '', 1, 3, 0, 0, 1, 8, 1, 8, 0, 0, 0, 0, 0, 0, 0, 0, 0, 0, 0, 0, 0, 0, 1, 2, 1, 178, ''),
(44, 1362178800, '', '', 'Quatrefages', 'Denis', '', '', '', '', '', '', 3, 1, 1, 9, 0, 0, 0, 0, 0, 0, 0, 0, 0, 0, 0, 0, 0, 0, 0, 0, 0, 0, 1, 2, 1, 138, ''),
(45, 1362178800, '', '', 'Quatrefages', 'Denis', '', '', '', '', '', '', 1, 18, 2, 4, 0, 0, 0, 0, 0, 0, 0, 0, 0, 0, 0, 0, 0, 0, 0, 0, 0, 0, 1, 1, 1, 138, ''),
(46, 1362178800, '', '', 'Quatrefages', 'Denis', '', '', '', '', '', '', 18, 1, 0, 0, 2, 8, 2, 8, 0, 0, 0, 0, 0, 0, 0, 0, 0, 0, 0, 0, 0, 0, 1, 1, 1, 138, 'ASR Windshear'),
(47, 1375480800, '', '', 'Barbieux', 'Florent', '', '', '', '', '', '', 1, 19, 1, 11, 0, 0, 0, 0, 0, 0, 0, 0, 0, 0, 0, 0, 0, 0, 0, 0, 0, 0, 1, 2, 1, 134, ''),
(48, 1375480800, '', '', 'Barbieux', 'Florent', '', '', '', '', '', '', 19, 1, 1, 11, 0, 0, 0, 0, 0, 0, 0, 0, 0, 0, 0, 0, 0, 0, 0, 0, 0, 0, 1, 2, 1, 134, ''),
(49, 1375480800, '', '', 'Barbieux', 'Florent', '', '', '', '', '', '', 1, 20, 1, 42, 0, 0, 0, 0, 0, 0, 0, 0, 0, 0, 0, 0, 0, 0, 0, 0, 0, 0, 1, 1, 1, 134, ''),
(50, 1362783600, '', '', 'Barbieux', 'Florent', '', '', '', '', '', '', 20, 1, 1, 53, 0, 0, 0, 0, 0, 0, 0, 0, 0, 0, 0, 0, 0, 0, 0, 0, 0, 0, 1, 2, 1, 134, ''),
(51, 1362783600, '', '', 'Barbieux', 'Florent', '', '', '', '', '', '', 1, 3, 1, 11, 0, 0, 0, 0, 0, 0, 0, 0, 0, 0, 0, 0, 0, 0, 0, 0, 0, 0, 1, 1, 1, 134, ''),
(52, 1362870000, '', '', 'Barbieux', 'Florent', '', '', '', '', '', '', 3, 1, 1, 16, 0, 0, 0, 0, 0, 0, 0, 0, 0, 0, 0, 0, 0, 0, 0, 0, 0, 0, 1, 1, 1, 50, ''),
(53, 1362870000, '', '', 'Barbieux', 'Florent', '', '', '', '', '', '', 1, 21, 2, 52, 0, 0, 0, 0, 0, 0, 0, 0, 0, 0, 0, 0, 0, 0, 0, 0, 0, 0, 1, 2, 1, 145, ''),
(54, 1362956400, '', '', 'Barbieux', 'Florent', '', '', '', '', '', '', 21, 1, 3, 21, 0, 4, 0, 4, 0, 0, 0, 0, 0, 0, 0, 0, 0, 0, 0, 0, 0, 0, 1, 1, 1, 121, ''),
(55, 1362956400, '', '', 'Barbieux', 'Florent', '', '', '', '', '', '', 1, 22, 1, 9, 0, 0, 0, 0, 0, 0, 0, 0, 0, 0, 0, 0, 0, 0, 0, 0, 0, 0, 1, 2, 1, 65, ''),
(56, 1362956400, '', '', 'Barbieux', 'Florent', '', '', '', '', '', '', 22, 1, 1, 14, 0, 0, 0, 0, 0, 0, 0, 0, 0, 0, 0, 0, 0, 0, 0, 0, 0, 0, 1, 1, 1, 65, ''),
(57, 1363042800, '', '', 'Martin', 'Emmanuel', '', '', '', '', '', '', 1, 16, 0, 0, 3, 15, 3, 15, 0, 0, 0, 0, 0, 0, 0, 0, 0, 0, 0, 0, 0, 0, 1, 2, 1, 159, 'Neige Ã  CDG. DÃ©part avec 6 heures de retard.'),
(58, 1363129200, '', '', 'Martin', 'Emmanuel', '', '', '', '', '', '', 16, 1, 2, 43, 0, 0, 0, 0, 0, 0, 0, 0, 0, 0, 0, 0, 0, 0, 0, 0, 0, 0, 1, 1, 1, 159, ''),
(59, 1363647600, '', '', 'Sirac', 'Jean-Michel', '', '', '', '', '', '', 10, 11, 1, 25, 0, 0, 0, 0, 0, 0, 0, 0, 0, 0, 0, 0, 0, 0, 0, 0, 0, 0, 1, 2, 1, 83, ''),
(60, 1363647600, '', '', 'Sirac', 'Jean-Michel', '', '', '', '', '', '', 11, 10, 1, 31, 0, 0, 0, 0, 0, 0, 0, 0, 0, 0, 0, 0, 0, 0, 0, 0, 0, 0, 1, 2, 1, 83, ''),
(61, 1363647600, '', '', 'Sirac', 'Jean-Michel', '', '', '', '', '', '', 10, 12, 0, 0, 1, 21, 1, 21, 0, 0, 0, 0, 0, 0, 0, 0, 0, 0, 0, 0, 0, 0, 1, 1, 1, 83, ''),
(62, 1363734000, '', '', 'Sirac', 'Jean-Michel', '', '', '', '', '', '', 12, 10, 1, 17, 0, 0, 0, 0, 0, 0, 0, 0, 0, 0, 0, 0, 0, 0, 0, 0, 0, 0, 1, 1, 1, 169, ''),
(63, 1363734000, '', '', 'Sirac', 'Jean-Michel', '', '', '', '', '', '', 10, 13, 1, 22, 0, 0, 0, 0, 0, 0, 0, 0, 0, 0, 0, 0, 0, 0, 0, 0, 0, 0, 1, 2, 1, 169, ''),
(64, 1363820400, '', '', 'Sirac', 'Jean-Michel', '', '', '', '', '', '', 13, 10, 1, 29, 0, 11, 0, 11, 0, 0, 0, 0, 0, 0, 0, 0, 0, 0, 0, 0, 0, 0, 1, 2, 1, 45, ''),
(65, 1363820400, '', '', 'Sirac', 'Jean-Michel', '', '', '', '', '', '', 10, 23, 1, 26, 0, 0, 0, 0, 0, 0, 0, 0, 0, 0, 0, 0, 0, 0, 0, 0, 0, 0, 1, 1, 1, 45, ''),
(66, 1363906800, '', '', 'Sirac', 'Jean-Michel', '', '', '', '', '', '', 23, 10, 0, 57, 0, 19, 0, 19, 0, 0, 0, 0, 0, 0, 0, 0, 0, 0, 0, 0, 0, 0, 1, 1, 1, 84, ''),
(67, 1363906800, '', '', 'Sirac', 'Jean-Michel', '', '', '', '', '', '', 10, 24, 1, 41, 0, 0, 0, 0, 0, 0, 0, 0, 0, 0, 0, 0, 0, 0, 0, 0, 0, 0, 1, 1, 1, 84, ''),
(68, 1363906800, '', '', 'Sirac', 'Jean-Michel', '', '', '', '', '', '', 24, 10, 1, 37, 0, 0, 0, 0, 0, 0, 0, 0, 0, 0, 0, 0, 0, 0, 0, 0, 0, 0, 1, 2, 1, 84, ''),
(69, 1364425200, '', '', 'Michel', 'Arnaud', '', '', '', '', '', '', 1, 2, 1, 55, 0, 0, 0, 0, 0, 0, 0, 0, 0, 0, 0, 0, 0, 0, 0, 0, 0, 0, 1, 1, 1, 178, ''),
(70, 1364425200, '', '', 'Michel', 'Arnaud', '', '', '', '', '', '', 2, 1, 2, 11, 0, 0, 0, 0, 0, 0, 0, 0, 0, 0, 0, 0, 0, 0, 0, 0, 0, 0, 1, 2, 1, 178, ''),
(71, 1364425200, '', '', 'Michel', 'Arnaud', '', '', '', '', '', '', 1, 3, 1, 8, 0, 0, 0, 0, 0, 0, 0, 0, 0, 0, 0, 0, 0, 0, 0, 0, 0, 0, 1, 1, 1, 178, ''),
(72, 1364511600, '', '', 'Michel', 'Arnaud', '', '', '', '', '', '', 3, 1, 1, 11, 0, 0, 0, 0, 0, 0, 0, 0, 0, 0, 0, 0, 0, 0, 0, 0, 0, 0, 1, 1, 1, 58, ''),
(73, 1364511600, '', '', 'Michel', 'Arnaud', '', '', '', '', '', '', 1, 25, 2, 36, 0, 0, 0, 0, 0, 0, 0, 0, 0, 0, 0, 0, 0, 0, 0, 0, 0, 0, 1, 2, 1, 72, 'RDC DL 65'),
(74, 1364684400, '', '', 'Michel', 'Arnaud', '', '', '', '', '', '', 25, 1, 3, 20, 0, 0, 0, 0, 0, 0, 0, 0, 0, 0, 0, 0, 0, 0, 0, 0, 0, 0, 1, 1, 1, 121, 'ASR Chargement'),
(75, 1364684400, '', '', 'Michel', 'Arnaud', '', '', '', '', '', '', 1, 5, 1, 32, 0, 0, 0, 0, 0, 0, 0, 0, 0, 0, 0, 0, 0, 0, 0, 0, 0, 0, 1, 2, 1, 121, ''),
(76, 1364684400, '', '', 'Michel', 'Arnaud', '', '', '', '', '', '', 5, 1, 1, 32, 0, 0, 0, 0, 0, 0, 0, 0, 0, 0, 0, 0, 0, 0, 0, 0, 0, 0, 1, 2, 1, 121, ''),
(77, 1364853600, '', '', 'Sirac', 'Jean-Michel', '', '', '', '', '', '', 1, 8, 1, 21, 0, 0, 0, 0, 0, 0, 0, 0, 0, 0, 0, 0, 0, 0, 0, 0, 0, 0, 1, 1, 1, 50, ''),
(78, 1364853600, '', '', 'Sirac', 'Jean-Michel', '', '', '', '', '', '', 8, 1, 1, 28, 0, 0, 0, 0, 0, 0, 0, 0, 0, 0, 0, 0, 0, 0, 0, 0, 0, 0, 1, 2, 1, 50, ''),
(79, 1364853600, '', '', 'Sirac', 'Jean-Michel', '', '', '', '', '', '', 1, 18, 0, 34, 1, 25, 1, 25, 0, 0, 0, 0, 0, 0, 0, 0, 0, 0, 0, 0, 0, 0, 1, 2, 1, 50, ''),
(80, 1364940000, '', '', 'Sirac', 'Jean-Michel', '', '', '', '', '', '', 18, 1, 2, 9, 0, 0, 0, 0, 0, 0, 0, 0, 0, 0, 0, 0, 0, 0, 0, 0, 0, 0, 1, 2, 1, 136, ''),
(81, 1364940000, '', '', 'Sirac', 'Jean-Michel', '', '', '', '', '', '', 1, 22, 1, 10, 0, 0, 0, 0, 0, 0, 0, 0, 0, 0, 0, 0, 0, 0, 0, 0, 0, 0, 1, 2, 1, 136, ''),
(82, 1364940000, '', '', 'Sirac', 'Jean-Michel', '', '', '', '', '', '', 22, 1, 1, 11, 0, 0, 0, 0, 0, 0, 0, 0, 0, 0, 0, 0, 0, 0, 0, 0, 0, 0, 1, 1, 1, 136, ''),
(83, 1364940000, '', '', 'Sirac', 'Jean-Michel', '', '', '', '', '', '', 1, 22, 0, 16, 0, 48, 0, 48, 0, 0, 0, 0, 0, 0, 0, 0, 0, 0, 0, 0, 0, 0, 1, 1, 1, 136, ''),
(84, 1365026400, '', '', 'Sirac', 'Jean-Michel', '', '', '', '', '', '', 22, 1, 1, 20, 0, 0, 0, 0, 0, 0, 0, 0, 0, 0, 0, 0, 0, 0, 0, 0, 0, 0, 1, 2, 1, 166, ''),
(85, 1365026400, '', '', 'Sirac', 'Jean-Michel', '', '', '', '', '', '', 1, 26, 1, 4, 0, 0, 0, 0, 0, 0, 0, 0, 0, 0, 0, 0, 0, 0, 0, 0, 0, 0, 1, 2, 1, 166, ''),
(86, 1365026400, '', '', 'Sirac', 'Jean-Michel', '', '', '', '', '', '', 26, 1, 1, 0, 0, 0, 0, 0, 0, 0, 0, 0, 0, 0, 0, 0, 0, 0, 0, 0, 0, 0, 1, 1, 1, 166, ''),
(87, 1365026400, '', '', 'Sirac', 'Jean-Michel', '', '', '', '', '', '', 1, 17, 0, 0, 1, 34, 1, 34, 0, 0, 0, 0, 0, 0, 0, 0, 0, 0, 0, 0, 0, 0, 1, 1, 1, 166, ''),
(88, 1365112800, '', '', 'Sirac', 'Jean-Michel', '', '', '', '', '', '', 17, 1, 1, 47, 0, 0, 0, 0, 0, 0, 0, 0, 0, 0, 0, 0, 0, 0, 0, 0, 0, 0, 1, 1, 1, 52, ''),
(89, 1365112800, '', '', 'Sirac', 'Jean-Michel', '', '', '', '', '', '', 1, 27, 1, 11, 0, 0, 0, 0, 0, 0, 0, 0, 0, 0, 0, 0, 0, 0, 0, 0, 0, 0, 1, 1, 1, 52, ''),
(90, 1365112800, '', '', 'Sirac', 'Jean-Michel', '', '', '', '', '', '', 27, 1, 0, 0, 1, 16, 1, 16, 0, 0, 0, 0, 0, 0, 0, 0, 0, 0, 0, 0, 0, 0, 1, 2, 1, 52, ''),
(91, 1365631200, '', '', 'Ramon', 'FrÃ©dÃ©ric', '', '', '', '', '', '', 1, 28, 1, 20, 0, 0, 0, 0, 0, 0, 0, 0, 0, 0, 0, 0, 0, 0, 0, 0, 0, 0, 1, 1, 1, 174, ''),
(92, 1365631200, '', '', 'Ramon', 'FrÃ©dÃ©ric', '', '', '', '', '', '', 28, 1, 1, 37, 0, 0, 0, 0, 0, 0, 0, 0, 0, 0, 0, 0, 0, 0, 0, 0, 0, 0, 1, 1, 1, 174, ''),
(93, 1365631200, '', '', 'Ramon', 'FrÃ©dÃ©ric', '', '', '', '', '', '', 1, 28, 1, 19, 0, 0, 0, 0, 0, 0, 0, 0, 0, 0, 0, 0, 0, 0, 0, 0, 0, 0, 1, 2, 1, 174, ''),
(94, 1365631200, '', '', 'Ramon', 'FrÃ©dÃ©ric', '', '', '', '', '', '', 28, 1, 0, 26, 1, 9, 1, 9, 0, 0, 0, 0, 0, 0, 0, 0, 0, 0, 0, 0, 0, 0, 1, 2, 1, 174, ''),
(95, 1366840800, '', '', 'Durindel', 'Mickael', '', '', '', '', '', '', 1, 25, 2, 41, 0, 0, 0, 0, 0, 0, 0, 0, 0, 0, 0, 0, 0, 0, 0, 0, 0, 0, 1, 2, 1, 126, ''),
(96, 1366840800, '', '', 'Durindel', 'Mickael', '', '', '', '', '', '', 25, 1, 0, 7, 3, 5, 3, 5, 0, 0, 0, 0, 0, 0, 0, 0, 0, 0, 0, 0, 0, 0, 1, 1, 1, 126, ''),
(97, 1366927200, '', '', 'Plancke', 'Maxence', '', '', '', '', '', '', 1, 29, 0, 18, 1, 55, 1, 55, 0, 0, 0, 0, 0, 0, 0, 0, 0, 0, 0, 0, 0, 0, 1, 1, 1, 110, ''),
(98, 1367013600, '', '', 'Plancke', 'Maxence', '', '', '', '', '', '', 29, 1, 2, 9, 0, 0, 0, 0, 0, 0, 0, 0, 0, 0, 0, 0, 0, 0, 0, 0, 0, 0, 1, 1, 1, 106, ''),
(99, 1367013600, '', '', 'Plancke', 'Maxence', '', '', '', '', '', '', 1, 30, 2, 35, 0, 27, 0, 27, 0, 0, 0, 0, 0, 0, 0, 0, 0, 0, 0, 0, 0, 0, 1, 2, 1, 106, ''),
(100, 1367100000, '', '', 'Plancke', 'Maxence', '', '', '', '', '', '', 30, 1, 3, 17, 0, 0, 0, 0, 0, 0, 0, 0, 0, 0, 0, 0, 0, 0, 0, 0, 0, 0, 1, 1, 1, 74, ''),
(101, 1367100000, '', '', 'Plancke', 'Maxence', '', '', '', '', '', '', 1, 31, 1, 12, 2, 15, 2, 15, 0, 0, 0, 0, 0, 0, 0, 0, 0, 0, 0, 0, 0, 0, 1, 2, 1, 74, ''),
(102, 1367186400, '', '', 'Plancke', 'Maxence', '', '', '', '', '', '', 31, 1, 3, 13, 0, 18, 0, 18, 0, 0, 0, 0, 0, 0, 0, 0, 0, 0, 0, 0, 0, 0, 1, 2, 1, 71, ''),
(103, 1367532000, '', '', 'Lemarie', 'Bertrand', '', '', '', '', 'GondÃ©', 'Pascal', 1, 32, 2, 10, 0, 0, 0, 0, 0, 0, 0, 0, 0, 0, 0, 0, 0, 0, 0, 0, 0, 0, 1, 1, 1, 166, 'CEL'),
(104, 1367532000, '', '', 'Lemarie', 'Bertrand', '', '', '', '', 'GondÃ©', 'Pascal', 32, 1, 2, 7, 0, 0, 0, 0, 0, 0, 0, 0, 0, 0, 0, 0, 0, 0, 0, 0, 0, 0, 1, 2, 1, 166, 'CEL'),
(105, 1367618400, '', '', 'Bonhomme', 'FrÃ©dÃ©ric', '', '', '', '', '', '', 1, 33, 2, 53, 0, 0, 0, 0, 0, 0, 0, 0, 0, 0, 0, 0, 0, 0, 0, 0, 0, 0, 1, 2, 1, 178, ''),
(106, 1367704800, '', '', 'Bonhomme', 'FrÃ©dÃ©ric', '', '', '', '', '', '', 33, 1, 3, 17, 0, 0, 0, 0, 0, 0, 0, 0, 0, 0, 0, 0, 0, 0, 0, 0, 0, 0, 1, 1, 1, 178, ''),
(107, 1368396000, '', '', 'PinÃ§on', 'Philippe', '', '', '', '', '', '', 1, 22, 1, 13, 0, 0, 0, 0, 0, 0, 0, 0, 0, 0, 0, 0, 0, 0, 0, 0, 0, 0, 1, 1, 1, 102, ''),
(108, 1368396000, '', '', 'PinÃ§on', 'Philippe', '', '', '', '', '', '', 22, 1, 1, 7, 0, 0, 0, 0, 0, 0, 0, 0, 0, 0, 0, 0, 0, 0, 0, 0, 0, 0, 1, 1, 1, 102, ''),
(109, 1368396000, '', '', 'PinÃ§on', 'Philippe', '', '', '', '', '', '', 1, 22, 0, 54, 0, 11, 0, 11, 0, 0, 0, 0, 0, 0, 0, 0, 0, 0, 0, 0, 0, 0, 1, 2, 1, 102, ''),
(110, 1368482400, '', '', 'PinÃ§on', 'Philippe', '', '', '', '', '', '', 22, 1, 1, 10, 0, 0, 0, 0, 0, 0, 0, 0, 0, 0, 0, 0, 0, 0, 0, 0, 0, 0, 1, 1, 1, 157, 'ASR Collision volatile Ã  CDG'),
(111, 1368482400, '', '', 'PinÃ§on', 'Philippe', '', '', '', '', '', '', 1, 26, 1, 2, 0, 0, 0, 0, 0, 0, 0, 0, 0, 0, 0, 0, 0, 0, 0, 0, 0, 0, 1, 2, 1, 157, ''),
(112, 1368482400, '', '', 'PinÃ§on', 'Philippe', '', '', '', '', '', '', 26, 1, 0, 59, 0, 0, 0, 0, 0, 0, 0, 0, 0, 0, 0, 0, 0, 0, 0, 0, 0, 0, 1, 2, 1, 157, ''),
(113, 1368482400, '', '', 'PinÃ§on', 'Philippe', '', '', '', '', '', '', 1, 17, 0, 17, 1, 24, 1, 24, 0, 0, 0, 0, 0, 0, 0, 0, 0, 0, 0, 0, 0, 0, 1, 1, 1, 157, ''),
(114, 1368568800, '', '', 'PinÃ§on', 'Philippe', '', '', '', '', '', '', 17, 1, 1, 43, 0, 0, 0, 0, 0, 0, 0, 0, 0, 0, 0, 0, 0, 0, 0, 0, 0, 0, 1, 1, 1, 7, ''),
(115, 1368568800, '', '', 'PinÃ§on', 'Philippe', '', '', '', '', '', '', 1, 27, 1, 12, 0, 0, 0, 0, 0, 0, 0, 0, 0, 0, 0, 0, 0, 0, 0, 0, 0, 0, 1, 2, 1, 7, ''),
(116, 1368568800, '', '', 'PinÃ§on', 'Philippe', '', '', '', '', '', '', 27, 1, 0, 30, 0, 44, 0, 44, 0, 0, 0, 0, 0, 0, 0, 0, 0, 0, 0, 0, 0, 0, 1, 2, 1, 7, ''),
(117, 1369000800, '', '', 'Boulefroy', 'Cyril', '', '', '', '', 'Hanon', 'Philippe', -1, 0, 0, 0, 0, 0, 0, 0, 0, 0, 0, 0, 0, 0, 0, 0, 0, 0, 0, 0, 0, 0, 2, 3, 1, 181, 'Simu DOC 2'),
(118, 1369346400, '', '', 'Guilbert', 'Eric', '', '', '', '', '', '', 1, 16, 2, 28, 0, 0, 0, 0, 0, 0, 0, 0, 0, 0, 0, 0, 0, 0, 0, 0, 0, 0, 1, 1, 1, 61, ''),
(119, 1369346400, '', '', 'Guilbert', 'Eric', '', '', '', '', '', '', 16, 1, 2, 32, 0, 0, 0, 0, 0, 0, 0, 0, 0, 0, 0, 0, 0, 0, 0, 0, 0, 0, 1, 2, 1, 61, ''),
(120, 1369346400, '', '', 'Guilbert', 'Eric', '', '', '', '', '', '', 1, 9, 1, 28, 0, 56, 0, 56, 0, 0, 0, 0, 0, 0, 0, 0, 0, 0, 0, 0, 0, 0, 1, 2, 1, 61, ''),
(121, 1369432800, '', '', 'Guilbert', 'Eric', '', '', '', '', '', '', 9, 1, 2, 1, 0, 0, 0, 0, 0, 0, 0, 0, 0, 0, 0, 0, 0, 0, 0, 0, 0, 0, 1, 1, 1, 104, ''),
(122, 1369432800, '', '', 'Guilbert', 'Eric', '', '', '', '', '', '', 1, 15, 1, 44, 0, 0, 0, 0, 0, 0, 0, 0, 0, 0, 0, 0, 0, 0, 0, 0, 0, 0, 1, 2, 1, 104, ''),
(123, 1369519200, '', '', 'Guilbert', 'Eric', '', '', '', '', '', '', 15, 1, 2, 3, 0, 0, 0, 0, 0, 0, 0, 0, 0, 0, 0, 0, 0, 0, 0, 0, 0, 0, 1, 1, 1, 165, ''),
(124, 1369519200, '', '', 'Guilbert', 'Eric', '', '', '', '', '', '', 1, 34, 1, 11, 0, 0, 0, 0, 0, 0, 0, 0, 0, 0, 0, 0, 0, 0, 0, 0, 0, 0, 1, 2, 1, 165, ''),
(125, 1369605600, '', '', 'Guilbert', 'Eric', '', '', '', '', '', '', 34, 1, 1, 13, 0, 0, 0, 0, 0, 0, 0, 0, 0, 0, 0, 0, 0, 0, 0, 0, 0, 0, 1, 2, 1, 158, ''),
(126, 1369605600, '', '', 'Guilbert', 'Eric', '', '', '', '', '', '', 1, 15, 1, 50, 0, 0, 0, 0, 0, 0, 0, 0, 0, 0, 0, 0, 0, 0, 0, 0, 0, 0, 1, 1, 1, 158, 'ASR'),
(127, 1369605600, '', '', 'Guilbert', 'Eric', '', '', '', '', '', '', 15, 1, 1, 47, 0, 2, 0, 2, 0, 0, 0, 0, 0, 0, 0, 0, 0, 0, 0, 0, 0, 0, 1, 1, 1, 158, ''),
(128, 1369692000, '', '', 'Schmitt', 'Thibaut', '', '', '', '', '', '', 1, 29, 2, 24, 0, 0, 0, 0, 0, 0, 0, 0, 0, 0, 0, 0, 0, 0, 0, 0, 0, 0, 1, 2, 1, 106, ''),
(129, 1369692000, '', '', 'Schmitt', 'Thibaut', '', '', '', '', '', '', 29, 1, 2, 7, 0, 0, 0, 0, 0, 0, 0, 0, 0, 0, 0, 0, 0, 0, 0, 0, 0, 0, 1, 1, 1, 106, ''),
(130, 1369951200, '', '', 'Brun', 'Philippe', '', '', '', '', '', '', 1, 19, 1, 13, 0, 0, 0, 0, 0, 0, 0, 0, 0, 0, 0, 0, 0, 0, 0, 0, 0, 0, 1, 2, 1, 7, ''),
(131, 1369951200, '', '', 'Brun', 'Philippe', '', '', '', '', '', '', 19, 1, 1, 11, 0, 0, 0, 0, 0, 0, 0, 0, 0, 0, 0, 0, 0, 0, 0, 0, 0, 0, 1, 2, 1, 7, ''),
(132, 1369951200, '', '', 'Brun', 'Philippe', '', '', '', '', '', '', 1, 17, 1, 38, 0, 0, 0, 0, 0, 0, 0, 0, 0, 0, 0, 0, 0, 0, 0, 0, 0, 0, 1, 1, 1, 7, ''),
(133, 1370037600, '', '', 'Brun', 'Philippe', '', '', '', '', '', '', 17, 1, 1, 45, 0, 0, 0, 0, 0, 0, 0, 0, 0, 0, 0, 0, 0, 0, 0, 0, 0, 0, 1, 1, 1, 152, ''),
(134, 1370037600, '', '', 'Brun', 'Philippe', '', '', '', '', '', '', 1, 14, 1, 19, 0, 0, 0, 0, 0, 0, 0, 0, 0, 0, 0, 0, 0, 0, 0, 0, 0, 0, 1, 2, 1, 152, ''),
(135, 1370037600, '', '', 'Brun', 'Philippe', '', '', '', '', '', '', 14, 1, 1, 17, 0, 0, 0, 0, 0, 0, 0, 0, 0, 0, 0, 0, 0, 0, 0, 0, 0, 0, 1, 2, 1, 152, ''),
(136, 1370037600, '', '', 'Brun', 'Philippe', '', '', '', '', '', '', 1, 3, 1, 8, 0, 0, 0, 0, 0, 0, 0, 0, 0, 0, 0, 0, 0, 0, 0, 0, 0, 0, 1, 1, 1, 154, ''),
(137, 1370124000, '', '', 'Brun', 'Philippe', '', '', '', '', '', '', 3, 1, 1, 9, 0, 0, 0, 0, 0, 0, 0, 0, 0, 0, 0, 0, 0, 0, 0, 0, 0, 0, 1, 1, 1, 154, ''),
(138, 1370124000, '', '', 'Brun', 'Philippe', '', '', '', '', '', '', 1, 26, 1, 2, 0, 0, 0, 0, 0, 0, 0, 0, 0, 0, 0, 0, 0, 0, 0, 0, 0, 0, 1, 1, 1, 154, ''),
(139, 1370124000, '', '', 'Brun', 'Philippe', '', '', '', '', '', '', 26, 1, 0, 54, 0, 0, 0, 0, 0, 0, 0, 0, 0, 0, 0, 0, 0, 0, 0, 0, 0, 0, 1, 2, 1, 154, ''),
(140, 1370296800, '', '', 'Fernandes-Calero', 'FranÃ§ois', '', '', '', '', '', '', 1, 35, 2, 42, 0, 0, 0, 0, 0, 0, 0, 0, 0, 0, 0, 0, 0, 0, 0, 0, 0, 0, 1, 2, 1, 76, ''),
(141, 1370296800, '', '', 'Fernandes-Calero', 'FranÃ§ois', '', '', '', '', '', '', 35, 1, 2, 46, 0, 0, 0, 0, 0, 0, 0, 0, 0, 0, 0, 0, 0, 0, 0, 0, 0, 0, 1, 2, 1, 76, ''),
(142, 1370296800, '', '', 'Fernandes-Calero', 'FranÃ§ois', '', '', '', '', '', '', 1, 36, 1, 25, 0, 0, 0, 0, 0, 0, 0, 0, 0, 0, 0, 0, 0, 0, 0, 0, 0, 0, 1, 1, 1, 76, ''),
(143, 1370383200, '', '', 'Fernandes-Calero', 'FranÃ§ois', '', '', '', '', '', '', 36, 1, 1, 5, 0, 0, 0, 0, 0, 0, 0, 0, 0, 0, 0, 0, 0, 0, 0, 0, 0, 0, 1, 1, 1, 147, ''),
(144, 1370383200, '', '', 'Fernandes-Calero', 'FranÃ§ois', '', '', '', '', '', '', 1, 37, 1, 37, 1, 9, 1, 9, 0, 0, 0, 0, 0, 0, 0, 0, 0, 0, 0, 0, 0, 0, 1, 2, 1, 147, ''),
(145, 1370469600, '', '', 'Fernandes-Calero', 'FranÃ§ois', '', '', '', '', '', '', 25, 1, 2, 59, 0, 0, 0, 0, 0, 0, 0, 0, 0, 0, 0, 0, 0, 0, 0, 0, 0, 0, 1, 2, 1, 144, ''),
(146, 1370469600, '', '', 'Fernandes-Calero', 'FranÃ§ois', '', '', '', '', '', '', 1, 36, 1, 22, 0, 0, 0, 0, 0, 0, 0, 0, 0, 0, 0, 0, 0, 0, 0, 0, 0, 0, 1, 1, 1, 144, ''),
(147, 1370556000, '', '', 'Fernandes-Calero', 'FranÃ§ois', '', '', '', '', '', '', 36, 1, 1, 5, 0, 0, 0, 0, 0, 0, 0, 0, 0, 0, 0, 0, 0, 0, 0, 0, 0, 0, 1, 1, 1, 144, ''),
(148, 1370556000, '', '', 'Fernandes-Calero', 'FranÃ§ois', '', '', '', '', '', '', 1, 36, 1, 50, 0, 0, 0, 0, 0, 0, 0, 0, 0, 0, 0, 0, 0, 0, 0, 0, 0, 0, 1, 2, 1, 144, ''),
(149, 1370556000, '', '', 'Fernandes-Calero', 'FranÃ§ois', '', '', '', '', '', '', 36, 1, 1, 14, 0, 0, 0, 0, 0, 0, 0, 0, 0, 0, 0, 0, 0, 0, 0, 0, 0, 0, 1, 1, 1, 144, ''),
(150, 1371420000, '', '', 'Savignol', 'Steve', '', '', '', '', '', '', 1, 38, 3, 24, 0, 0, 0, 0, 0, 0, 0, 0, 0, 0, 0, 0, 0, 0, 0, 0, 0, 0, 1, 1, 1, 174, ''),
(151, 1371420000, '', '', 'Savignol', 'Steve', '', '', '', '', '', '', 38, 1, 3, 1, 0, 0, 0, 0, 0, 0, 0, 0, 0, 0, 0, 0, 0, 0, 0, 0, 0, 0, 1, 2, 1, 174, ''),
(152, 1372111200, '', '', 'Thobois', 'Nicolas', '', '', '', '', '', '', 10, 39, 1, 31, 0, 0, 0, 0, 0, 0, 0, 0, 0, 0, 0, 0, 0, 0, 0, 0, 0, 0, 1, 1, 1, 82, 'ASR'),
(153, 1372111200, '', '', 'Thobois', 'Nicolas', '', '', '', '', '', '', 39, 10, 1, 41, 0, 0, 0, 0, 0, 0, 0, 0, 0, 0, 0, 0, 0, 0, 0, 0, 0, 0, 1, 2, 1, 82, 'CiviÃ¨re'),
(154, 1372111200, '', '', 'Thobois', 'Nicolas', '', '', '', '', '', '', 10, 27, 1, 10, 0, 0, 0, 0, 0, 0, 0, 0, 0, 0, 0, 0, 0, 0, 0, 0, 0, 0, 1, 2, 1, 82, ''),
(155, 1372111200, '', '', 'Thobois', 'Nicolas', '', '', '', '', '', '', 27, 10, 1, 9, 0, 0, 0, 0, 0, 0, 0, 0, 0, 0, 0, 0, 0, 0, 0, 0, 0, 0, 1, 1, 1, 82, ''),
(156, 1372197600, '', '', 'Sirac', 'Jean-Michel', '', '', '', '', '', '', 1, 29, 2, 3, 0, 0, 0, 0, 0, 0, 0, 0, 0, 0, 0, 0, 0, 0, 0, 0, 0, 0, 1, 2, 1, 129, ''),
(157, 1372197600, '', '', 'Sirac', 'Jean-Michel', '', '', '', '', '', '', 29, 1, 2, 23, 0, 0, 0, 0, 0, 0, 0, 0, 0, 0, 0, 0, 0, 0, 0, 0, 0, 0, 1, 2, 1, 129, ''),
(158, 1372197600, '', '', 'Sirac', 'Jean-Michel', '', '', '', '', '', '', 1, 29, 0, 59, 1, 8, 1, 8, 0, 0, 0, 0, 0, 0, 0, 0, 0, 0, 0, 0, 0, 0, 1, 1, 1, 129, ''),
(159, 1372284000, '', '', 'Sirac', 'Jean-Michel', '', '', '', '', '', '', 29, 1, 2, 24, 0, 0, 0, 0, 0, 0, 0, 0, 0, 0, 0, 0, 0, 0, 0, 0, 0, 0, 0, 1, 1, 112, ''),
(160, 1372284000, '', '', 'Sirac', 'Jean-Michel', '', '', '', '', '', '', 1, 36, 1, 25, 0, 0, 0, 0, 0, 0, 0, 0, 0, 0, 0, 0, 0, 0, 0, 0, 0, 0, 1, 2, 1, 112, ''),
(161, 1372370400, '', '', 'Sirac', 'Jean-Michel', '', '', '', '', '', '', 36, 1, 1, 16, 0, 0, 0, 0, 0, 0, 0, 0, 0, 0, 0, 0, 0, 0, 0, 0, 0, 0, 1, 1, 1, 174, ''),
(162, 1372370400, '', '', 'Sirac', 'Jean-Michel', '', '', '', '', '', '', 1, 30, 3, 27, 0, 0, 0, 0, 0, 0, 0, 0, 0, 0, 0, 0, 0, 0, 0, 0, 0, 0, 1, 2, 1, 174, ''),
(163, 1372456800, '', '', 'Sirac', 'Jean-Michel', '', '', '', '', '', '', 30, 1, 3, 16, 0, 0, 0, 0, 0, 0, 0, 0, 0, 0, 0, 0, 0, 0, 0, 0, 0, 0, 1, 1, 1, 174, ''),
(164, 1372802400, '', '', 'Prudhomme', 'Nicolas', '', '', '', '', '', '', 1, 29, 2, 1, 0, 0, 0, 0, 0, 0, 0, 0, 0, 0, 0, 0, 0, 0, 0, 0, 0, 0, 1, 2, 1, 104, ''),
(165, 1372888800, '', '', 'Prudhomme', 'Nicolas', '', '', '', '', '', '', 29, 1, 2, 15, 0, 0, 0, 0, 0, 0, 0, 0, 0, 0, 0, 0, 0, 0, 0, 0, 0, 0, 1, 1, 1, 121, ''),
(166, 1372975200, '', '', 'Beaudier', 'Marc', '', '', '', '', '', '', 1, 40, 1, 17, 0, 0, 0, 0, 0, 0, 0, 0, 0, 0, 0, 0, 0, 0, 0, 0, 0, 0, 1, 2, 1, 9, ''),
(167, 1372975200, '', '', 'Beaudier', 'Marc', '', '', '', '', '', '', 40, 1, 1, 32, 0, 0, 0, 0, 0, 0, 0, 0, 0, 0, 0, 0, 0, 0, 0, 0, 0, 0, 1, 1, 1, 9, ''),
(168, 1372975200, '', '', 'Beaudier', 'Marc', '', '', '', '', '', '', 1, 31, 3, 19, 0, 0, 0, 0, 0, 0, 0, 0, 0, 0, 0, 0, 0, 0, 0, 0, 0, 0, 1, 2, 1, 73, ''),
(169, 1373061600, '', '', 'Beaudier', 'Marc', '', '', '', '', '', '', 31, 1, 3, 43, 0, 0, 0, 0, 0, 0, 0, 0, 0, 0, 0, 0, 0, 0, 0, 0, 0, 0, 1, 3, 1, 74, 'CAT III'),
(170, 1373061600, '', '', 'Beaudier', 'Marc', '', '', '', '', '', '', 1, 25, 2, 58, 0, 0, 0, 0, 0, 0, 0, 0, 0, 0, 0, 0, 0, 0, 0, 0, 0, 0, 1, 3, 1, 174, 'RDS PAXI'),
(171, 1373148000, '', '', 'Beaudier', 'Marc', '', '', '', '', '', '', 25, 1, 3, 4, 0, 0, 0, 0, 0, 0, 0, 0, 0, 0, 0, 0, 0, 0, 0, 0, 0, 0, 1, 2, 1, 122, ''),
(172, 1373407200, '', '', 'Venon', 'Geoffroy', '', '', '', '', '', '', 1, 28, 1, 42, 0, 0, 0, 0, 0, 0, 0, 0, 0, 0, 0, 0, 0, 0, 0, 0, 0, 0, 1, 1, 1, 58, ''),
(173, 1373407200, '', '', 'Venon', 'Geoffroy', '', '', '', '', '', '', 28, 1, 1, 26, 0, 0, 0, 0, 0, 0, 0, 0, 0, 0, 0, 0, 0, 0, 0, 0, 0, 0, 1, 2, 1, 58, ''),
(174, 1373407200, '', '', 'Venon', 'Geoffroy', '', '', '', '', '', '', 1, 31, 3, 10, 0, 0, 0, 0, 0, 0, 0, 0, 0, 0, 0, 0, 0, 0, 0, 0, 0, 0, 1, 2, 1, 58, ''),
(175, 1373493600, '', '', 'Venon', 'Geoffroy', '', '', '', '', '', '', 31, 1, 3, 42, 0, 0, 0, 0, 0, 0, 0, 0, 0, 0, 0, 0, 0, 0, 0, 0, 0, 0, 1, 1, 1, 76, ''),
(176, 1374271200, '', '', 'Fostie', 'Vincent', '', '', '', '', 'Beaufort', 'Claude', -1, 0, 0, 0, 0, 0, 0, 0, 0, 0, 0, 0, 0, 0, 0, 0, 0, 0, 0, 0, 0, 0, 2, 3, 1, 181, 'LOE'),
(177, 1374357600, '', '', 'Fostie', 'Vincent', '', '', '', '', 'Beaufort', 'Claude', -1, 0, 0, 0, 0, 0, 0, 0, 0, 0, 0, 0, 0, 0, 0, 0, 0, 0, 0, 0, 0, 0, 2, 3, 1, 191, 'E2'),
(178, 1374530400, '', '', 'Paradeis', 'Olivier', '', '', '', '', '', '', 10, 17, 1, 27, 0, 0, 0, 0, 0, 0, 0, 0, 0, 0, 0, 0, 0, 0, 0, 0, 0, 0, 1, 2, 1, 171, 'Vol Transavia'),
(179, 1374530400, '', '', 'Paradeis', 'Olivier', '', '', '', '', '', '', 17, 10, 1, 32, 0, 0, 0, 0, 0, 0, 0, 0, 0, 0, 0, 0, 0, 0, 0, 0, 0, 0, 1, 2, 1, 196, 'Vol Transavia'),
(180, 1374530400, '', '', 'Paradeis', 'Olivier', '', '', '', '', '', '', 10, 41, 2, 5, 0, 0, 0, 0, 0, 0, 0, 0, 0, 0, 0, 0, 0, 0, 0, 0, 0, 0, 1, 1, 1, 196, 'Vol Transavia'),
(181, 1374530400, '', '', 'Paradeis', 'Olivier', '', '', '', '', '', '', 41, 10, 1, 7, 0, 52, 0, 52, 0, 0, 0, 0, 0, 0, 0, 0, 0, 0, 0, 0, 0, 0, 1, 1, 1, 196, 'Vol Transavia'),
(182, 1374616800, '', '', 'Gounon', 'Jacques', '', '', '', '', '', '', 1, 19, 1, 11, 0, 0, 0, 0, 0, 0, 0, 0, 0, 0, 0, 0, 0, 0, 0, 0, 0, 0, 1, 1, 1, 9, ''),
(183, 1374616800, '', '', 'Gounon', 'Jacques', '', '', '', '', '', '', 19, 1, 1, 9, 0, 0, 0, 0, 0, 0, 0, 0, 0, 0, 0, 0, 0, 0, 0, 0, 0, 0, 1, 2, 1, 9, ''),
(184, 1374616800, '', '', 'Gounon', 'Jacques', '', '', '', '', '', '', 1, 26, 0, 45, 0, 19, 0, 19, 0, 0, 0, 0, 0, 0, 0, 0, 0, 0, 0, 0, 0, 0, 1, 1, 1, 9, ''),
(185, 1374703200, '', '', 'Gounon', 'Jacques', '', '', '', '', '', '', 26, 1, 1, 1, 0, 0, 0, 0, 0, 0, 0, 0, 0, 0, 0, 0, 0, 0, 0, 0, 0, 0, 1, 1, 1, 163, ''),
(186, 1374703200, '', '', 'Gounon', 'Jacques', '', '', '', '', '', '', 1, 14, 1, 25, 0, 0, 0, 0, 0, 0, 0, 0, 0, 0, 0, 0, 0, 0, 0, 0, 0, 0, 1, 2, 1, 163, ''),
(187, 1374703200, '', '', 'Gounon', 'Jacques', '', '', '', '', '', '', 14, 1, 1, 20, 0, 0, 0, 0, 0, 0, 0, 0, 0, 0, 0, 0, 0, 0, 0, 0, 0, 0, 1, 2, 1, 163, ''),
(188, 1376344800, '', '', 'Sirac', 'Jean-Michel', '', '', '', '', '', '', 1, 5, 1, 26, 0, 0, 0, 0, 0, 0, 0, 0, 0, 0, 0, 0, 0, 0, 0, 0, 0, 0, 1, 2, 1, 66, ''),
(189, 1376344800, '', '', 'Sirac', 'Jean-Michel', '', '', '', '', '', '', 5, 1, 1, 32, 0, 0, 0, 0, 0, 0, 0, 0, 0, 0, 0, 0, 0, 0, 0, 0, 0, 0, 1, 2, 1, 66, ''),
(190, 1376344800, '', '', 'Sirac', 'Jean-Michel', '', '', '', '', '', '', 1, 18, 2, 0, 0, 0, 0, 0, 0, 0, 0, 0, 0, 0, 0, 0, 0, 0, 0, 0, 0, 0, 1, 1, 1, 66, ''),
(191, 1376431200, '', '', 'Sirac', 'Jean-Michel', '', '', '', '', '', '', 18, 1, 2, 3, 0, 0, 0, 0, 0, 0, 0, 0, 0, 0, 0, 0, 0, 0, 0, 0, 0, 0, 1, 1, 1, 133, ''),
(192, 1376431200, '', '', 'Sirac', 'Jean-Michel', '', '', '', '', '', '', 1, 42, 1, 34, 0, 0, 0, 0, 0, 0, 0, 0, 0, 0, 0, 0, 0, 0, 0, 0, 0, 0, 1, 2, 1, 133, ''),
(193, 1376517600, '', '', 'Sirac', 'Jean-Michel', '', '', '', '', '', '', 42, 1, 1, 45, 0, 0, 0, 0, 0, 0, 0, 0, 0, 0, 0, 0, 0, 0, 0, 0, 0, 0, 1, 2, 1, 60, ''),
(194, 1376517600, '', '', 'Sirac', 'Jean-Michel', '', '', '', '', '', '', 1, 43, 2, 25, 0, 0, 0, 0, 0, 0, 0, 0, 0, 0, 0, 0, 0, 0, 0, 0, 0, 0, 1, 1, 1, 60, ''),
(195, 1376604000, '', '', 'Sirac', 'Jean-Michel', '', '', '', '', '', '', 43, 1, 2, 50, 0, 0, 0, 0, 0, 0, 0, 0, 0, 0, 0, 0, 0, 0, 0, 0, 0, 0, 1, 1, 1, 60, 'Invalid Data sur ND CDB'),
(196, 1377122400, '', '', 'Macchioni', 'ClÃ©ment', '', '', '', '', '', '', 1, 17, 1, 37, 0, 0, 0, 0, 0, 0, 0, 0, 0, 0, 0, 0, 0, 0, 0, 0, 0, 0, 1, 1, 1, 155, ''),
(197, 1377122400, '', '', 'Macchioni', 'ClÃ©ment', '', '', '', '', '', '', 17, 1, 1, 53, 0, 0, 0, 0, 0, 0, 0, 0, 0, 0, 0, 0, 0, 0, 0, 0, 0, 0, 1, 1, 1, 155, ''),
(198, 1377122400, '', '', 'Macchioni', 'ClÃ©ment', '', '', '', '', '', '', 1, 22, 1, 10, 0, 0, 0, 0, 0, 0, 0, 0, 0, 0, 0, 0, 0, 0, 0, 0, 0, 0, 1, 2, 1, 155, 'RDC '),
(199, 1377208800, '', '', 'Macchioni', 'ClÃ©ment', '', '', '', '', '', '', 22, 1, 1, 12, 0, 0, 0, 0, 0, 0, 0, 0, 0, 0, 0, 0, 0, 0, 0, 0, 0, 0, 1, 2, 1, 144, ''),
(200, 1377208800, '', '', 'Macchioni', 'ClÃ©ment', '', '', '', '', '', '', 1, 38, 3, 3, 0, 0, 0, 0, 0, 0, 0, 0, 0, 0, 0, 0, 0, 0, 0, 0, 0, 0, 1, 1, 1, 144, ''),
(201, 1377295200, '', '', 'Macchioni', 'ClÃ©ment', '', '', '', '', '', '', 38, 1, 3, 30, 0, 0, 0, 0, 0, 0, 0, 0, 0, 0, 0, 0, 0, 0, 0, 0, 0, 0, 1, 1, 1, 144, ''),
(202, 1377295200, '', '', 'Macchioni', 'ClÃ©ment', '', '', '', '', '', '', 1, 16, 2, 27, 0, 0, 0, 0, 0, 0, 0, 0, 0, 0, 0, 0, 0, 0, 0, 0, 0, 0, 1, 2, 1, 144, ''),
(203, 1377381600, '', '', 'Macchioni', 'ClÃ©ment', '', '', '', '', '', '', 16, 1, 2, 35, 0, 0, 0, 0, 0, 0, 0, 0, 0, 0, 0, 0, 0, 0, 0, 0, 0, 0, 1, 2, 1, 66, ''),
(204, 1377381600, '', '', 'Macchioni', 'ClÃ©ment', '', '', '', '', '', '', 1, 27, 1, 9, 0, 0, 0, 0, 0, 0, 0, 0, 0, 0, 0, 0, 0, 0, 0, 0, 0, 0, 1, 2, 1, 66, ''),
(205, 1377381600, '', '', 'Macchioni', 'ClÃ©ment', '', '', '', '', '', '', 27, 1, 1, 13, 0, 0, 0, 0, 0, 0, 0, 0, 0, 0, 0, 0, 0, 0, 0, 0, 0, 0, 1, 1, 1, 66, ''),
(206, 1377640800, '', '', 'TrÃ©mouroux', 'SÃ©bastien', '', '', '', '', '', '', 1, 44, 2, 2, 0, 0, 0, 0, 0, 0, 0, 0, 0, 0, 0, 0, 0, 0, 0, 0, 0, 0, 1, 1, 1, 117, ''),
(207, 1377640800, '', '', 'TrÃ©mouroux', 'SÃ©bastien', '', '', '', '', '', '', 44, 1, 2, 16, 0, 0, 0, 0, 0, 0, 0, 0, 0, 0, 0, 0, 0, 0, 0, 0, 0, 0, 1, 1, 1, 117, ''),
(208, 1377640800, '', '', 'TrÃ©mouroux', 'SÃ©bastien', '', '', '', '', '', '', 1, 43, 2, 32, 0, 0, 0, 0, 0, 0, 0, 0, 0, 0, 0, 0, 0, 0, 0, 0, 0, 0, 1, 2, 1, 117, ''),
(209, 1377727200, '', '', 'TrÃ©mouroux', 'SÃ©bastien', '', '', '', '', '', '', 43, 1, 2, 32, 0, 0, 0, 0, 0, 0, 0, 0, 0, 0, 0, 0, 0, 0, 0, 0, 0, 0, 1, 2, 1, 24, ''),
(210, 1377727200, '', '', 'TrÃ©mouroux', 'SÃ©bastien', '', '', '', '', '', '', 1, 19, 1, 10, 0, 0, 0, 0, 0, 0, 0, 0, 0, 0, 0, 0, 0, 0, 0, 0, 0, 0, 1, 2, 1, 24, ''),
(211, 1377727200, '', '', 'TrÃ©mouroux', 'SÃ©bastien', '', '', '', '', '', '', 19, 1, 0, 59, 0, 0, 0, 0, 0, 0, 0, 0, 0, 0, 0, 0, 0, 0, 0, 0, 0, 0, 1, 1, 1, 24, ''),
(212, 1377727200, '', '', 'TrÃ©mouroux', 'SÃ©bastien', '', '', '', '', '', '', 1, 26, 1, 0, 0, 0, 0, 0, 0, 0, 0, 0, 0, 0, 0, 0, 0, 0, 0, 0, 0, 0, 1, 1, 1, 24, ''),
(213, 1377813600, '', '', 'TrÃ©mouroux', 'SÃ©bastien', '', '', '', '', '', '', 26, 1, 1, 9, 0, 0, 0, 0, 0, 0, 0, 0, 0, 0, 0, 0, 0, 0, 0, 0, 0, 0, 1, 2, 1, 159, ''),
(214, 1377813600, '', '', 'TrÃ©mouroux', 'SÃ©bastien', '', '', '', '', '', '', 1, 14, 1, 22, 0, 0, 0, 0, 0, 0, 0, 0, 0, 0, 0, 0, 0, 0, 0, 0, 0, 0, 1, 2, 1, 159, ''),
(215, 1377813600, '', '', 'TrÃ©mouroux', 'SÃ©bastien', '', '', '', '', '', '', 14, 1, 1, 15, 0, 0, 0, 0, 0, 0, 0, 0, 0, 0, 0, 0, 0, 0, 0, 0, 0, 0, 1, 1, 1, 159, ''),
(216, 1378159200, '', '', 'Laviguerie', 'Simon', '', '', '', '', '', '', 1, 19, 0, 59, 0, 0, 0, 0, 0, 0, 0, 0, 0, 0, 0, 0, 0, 0, 0, 0, 0, 0, 1, 1, 1, 132, 'DÃ©part sur rÃ©serve'),
(217, 1378159200, '', '', 'Laviguerie', 'Simon', '', '', '', '', '', '', 19, 1, 1, 11, 0, 0, 0, 0, 0, 0, 0, 0, 0, 0, 0, 0, 0, 0, 0, 0, 0, 0, 1, 2, 1, 132, 'DÃ©part sur rÃ©serve'),
(218, 1378332000, '', '', 'Boucq', 'Emmanuel', '', '', '', '', '', '', 1, 34, 1, 10, 0, 0, 0, 0, 0, 0, 0, 0, 0, 0, 0, 0, 0, 0, 0, 0, 0, 0, 1, 2, 1, 161, ''),
(219, 1378332000, '', '', 'Boucq', 'Emmanuel', '', '', '', '', '', '', 34, 1, 1, 11, 0, 0, 0, 0, 0, 0, 0, 0, 0, 0, 0, 0, 0, 0, 0, 0, 0, 0, 1, 2, 1, 161, ''),
(220, 1378332000, '', '', 'Boucq', 'Emmanuel', '', '', '', '', '', '', 1, 14, 1, 17, 0, 0, 0, 0, 0, 0, 0, 0, 0, 0, 0, 0, 0, 0, 0, 0, 0, 0, 1, 1, 1, 161, ''),
(221, 1378418400, '', '', 'Boucq', 'Emmanuel', '', '', '', '', '', '', 14, 1, 1, 20, 0, 0, 0, 0, 0, 0, 0, 0, 0, 0, 0, 0, 0, 0, 0, 0, 0, 0, 1, 2, 1, 166, ''),
(222, 1378418400, '', '', 'Boucq', 'Emmanuel', '', '', '', '', '', '', 1, 17, 1, 40, 0, 0, 0, 0, 0, 0, 0, 0, 0, 0, 0, 0, 0, 0, 0, 0, 0, 0, 1, 1, 1, 166, 'RDC code 65'),
(223, 1378418400, '', '', 'Boucq', 'Emmanuel', '', '', '', '', '', '', 17, 1, 1, 41, 0, 0, 0, 0, 0, 0, 0, 0, 0, 0, 0, 0, 0, 0, 0, 0, 0, 0, 1, 1, 1, 166, ''),
(224, 1379109600, '', '', 'Plancke', 'Maxence', '', '', '', '', '', '', 1, 36, 1, 14, 0, 0, 0, 0, 0, 0, 0, 0, 0, 0, 0, 0, 0, 0, 0, 0, 0, 0, 1, 1, 1, 102, ''),
(225, 1379109600, '', '', 'Plancke', 'Maxence', '', '', '', '', '', '', 36, 1, 1, 12, 0, 0, 0, 0, 0, 0, 0, 0, 0, 0, 0, 0, 0, 0, 0, 0, 0, 0, 1, 1, 1, 102, ''),
(226, 1379109600, '', '', 'Plancke', 'Maxence', '', '', '', '', '', '', 1, 45, 2, 19, 0, 0, 0, 0, 0, 0, 0, 0, 0, 0, 0, 0, 0, 0, 0, 0, 0, 0, 1, 2, 1, 102, ''),
(227, 1379196000, '', '', 'Plancke', 'Maxence', '', '', '', '', '', '', 45, 1, 2, 43, 0, 0, 0, 0, 0, 0, 0, 0, 0, 0, 0, 0, 0, 0, 0, 0, 0, 0, 1, 2, 1, 102, ''),
(228, 1379196000, '', '', 'Plancke', 'Maxence', '', '', '', '', '', '', 1, 45, 2, 24, 0, 0, 0, 0, 0, 0, 0, 0, 0, 0, 0, 0, 0, 0, 0, 0, 0, 0, 1, 1, 1, 102, ''),
(229, 1379282400, '', '', 'Plancke', 'Maxence', '', '', '', '', '', '', 45, 1, 2, 26, 0, 0, 0, 0, 0, 0, 0, 0, 0, 0, 0, 0, 0, 0, 0, 0, 0, 0, 1, 1, 1, 102, ''),
(230, 1379282400, '', '', 'Plancke', 'Maxence', '', '', '', '', '', '', 1, 29, 2, 7, 0, 0, 0, 0, 0, 0, 0, 0, 0, 0, 0, 0, 0, 0, 0, 0, 0, 0, 1, 2, 1, 102, ''),
(231, 1379368800, '', '', 'Plancke', 'Maxence', '', '', '', '', '', '', 29, 1, 2, 18, 0, 0, 0, 0, 0, 0, 0, 0, 0, 0, 0, 0, 0, 0, 0, 0, 0, 0, 1, 2, 1, 99, ''),
(232, 1379455200, '', '', 'Briday', 'ChloÃ©', '', '', '', '', '', '', 1, 9, 2, 3, 0, 0, 0, 0, 0, 0, 0, 0, 0, 0, 0, 0, 0, 0, 0, 0, 0, 0, 1, 2, 1, 128, ''),
(233, 1379455200, '', '', 'Briday', 'ChloÃ©', '', '', '', '', '', '', 9, 1, 2, 27, 0, 0, 0, 0, 0, 0, 0, 0, 0, 0, 0, 0, 0, 0, 0, 0, 0, 0, 1, 1, 1, 128, ''),
(234, 1380060000, '', '', 'Sirac', 'Jean-Michel', '', '', '', '', '', '', 1, 35, 2, 33, 0, 0, 0, 0, 0, 0, 0, 0, 0, 0, 0, 0, 0, 0, 0, 0, 0, 0, 1, 2, 1, 73, ''),
(235, 1380060000, '', '', 'Sirac', 'Jean-Michel', '', '', '', '', '', '', 35, 1, 2, 30, 0, 0, 0, 0, 0, 0, 0, 0, 0, 0, 0, 0, 0, 0, 0, 0, 0, 0, 1, 2, 1, 73, ''),
(236, 1380060000, '', '', 'Sirac', 'Jean-Michel', '', '', '', '', '', '', 1, 36, 1, 2, 0, 0, 0, 0, 0, 0, 0, 0, 0, 0, 0, 0, 0, 0, 0, 0, 0, 0, 1, 1, 1, 73, ''),
(237, 1380146400, '', '', 'Sirac', 'Jean-Michel', '', '', '', '', '', '', 36, 1, 1, 0, 0, 0, 0, 0, 0, 0, 0, 0, 0, 0, 0, 0, 0, 0, 0, 0, 0, 0, 1, 2, 1, 144, ''),
(238, 1380146400, '', '', 'Sirac', 'Jean-Michel', '', '', '', '', '', '', 1, 25, 2, 32, 0, 0, 0, 0, 0, 0, 0, 0, 0, 0, 0, 0, 0, 0, 0, 0, 0, 0, 1, 1, 1, 144, ''),
(239, 1380232800, '', '', 'Sirac', 'Jean-Michel', '', '', '', '', '', '', 25, 1, 3, 7, 0, 0, 0, 0, 0, 0, 0, 0, 0, 0, 0, 0, 0, 0, 0, 0, 0, 0, 1, 1, 1, 144, ''),
(240, 1380232800, '', '', 'Sirac', 'Jean-Michel', '', '', '', '', '', '', 1, 36, 1, 19, 0, 0, 0, 0, 0, 0, 0, 0, 0, 0, 0, 0, 0, 0, 0, 0, 0, 0, 1, 2, 1, 144, ''),
(241, 1380319200, '', '', 'Sirac', 'Jean-Michel', '', '', '', '', '', '', 36, 1, 1, 11, 0, 0, 0, 0, 0, 0, 0, 0, 0, 0, 0, 0, 0, 0, 0, 0, 0, 0, 1, 1, 1, 144, ''),
(242, 1380319200, '', '', 'Sirac', 'Jean-Michel', '', '', '', '', '', '', 1, 36, 1, 48, 0, 0, 0, 0, 0, 0, 0, 0, 0, 0, 0, 0, 0, 0, 0, 0, 0, 0, 1, 1, 1, 144, ''),
(243, 1380319200, '', '', 'Sirac', 'Jean-Michel', '', '', '', '', '', '', 36, 1, 1, 35, 0, 0, 0, 0, 0, 0, 0, 0, 0, 0, 0, 0, 0, 0, 0, 0, 0, 0, 1, 2, 1, 144, ''),
(244, 1380405600, '', '', 'Morissee', 'SÃ©bastien', '', '', '', '', '', '', 1, 11, 1, 36, 0, 0, 0, 0, 0, 0, 0, 0, 0, 0, 0, 0, 0, 0, 0, 0, 0, 0, 1, 2, 1, 174, ''),
(245, 1380405600, '', '', 'Morissee', 'SÃ©bastien', '', '', '', '', '', '', 11, 1, 1, 37, 0, 0, 0, 0, 0, 0, 0, 0, 0, 0, 0, 0, 0, 0, 0, 0, 0, 0, 1, 2, 1, 174, ''),
(246, 1380405600, '', '', 'Morissee', 'SÃ©bastien', '', '', '', '', '', '', 1, 19, 1, 0, 0, 0, 0, 0, 0, 0, 0, 0, 0, 0, 0, 0, 0, 0, 0, 0, 0, 0, 1, 1, 1, 174, 'ContrÃ´le documentaire plus Ã©thylotest au parking.'),
(247, 1380405600, '', '', 'Morissee', 'SÃ©bastien', '', '', '', '', '', '', 19, 1, 1, 0, 0, 0, 0, 0, 0, 0, 0, 0, 0, 0, 0, 0, 0, 0, 0, 0, 0, 0, 1, 1, 1, 174, ''),
(248, 1381269600, '', '', 'Sirac', 'Jean-Michel', '', '', '', '', '', '', 1, 8, 1, 21, 0, 0, 0, 0, 0, 0, 0, 0, 0, 0, 0, 0, 0, 0, 0, 0, 0, 0, 1, 1, 1, 103, ''),
(249, 1381269600, '', '', 'Sirac', 'Jean-Michel', '', '', '', '', '', '', 8, 1, 1, 20, 0, 0, 0, 0, 0, 0, 0, 0, 0, 0, 0, 0, 0, 0, 0, 0, 0, 0, 1, 2, 1, 103, ''),
(250, 1381269600, '', '', 'Sirac', 'Jean-Michel', '', '', '', '', '', '', 1, 5, 1, 19, 0, 0, 0, 0, 0, 0, 0, 0, 0, 0, 0, 0, 0, 0, 0, 0, 0, 0, 1, 2, 1, 103, ''),
(251, 1381356000, '', '', 'Sirac', 'Jean-Michel', '', '', '', '', '', '', 5, 1, 1, 36, 0, 0, 0, 0, 0, 0, 0, 0, 0, 0, 0, 0, 0, 0, 0, 0, 0, 0, 1, 2, 1, 137, ''),
(252, 1381356000, '', '', 'Sirac', 'Jean-Michel', '', '', '', '', '', '', 1, 27, 1, 14, 0, 0, 0, 0, 0, 0, 0, 0, 0, 0, 0, 0, 0, 0, 0, 0, 0, 0, 1, 1, 1, 137, ''),
(253, 1381442400, '', '', 'Sirac', 'Jean-Michel', '', '', '', '', '', '', 27, 1, 1, 27, 0, 0, 0, 0, 0, 0, 0, 0, 0, 0, 0, 0, 0, 0, 0, 0, 0, 0, 1, 1, 1, 140, ''),
(254, 1381442400, '', '', 'Sirac', 'Jean-Michel', '', '', '', '', '', '', 1, 18, 1, 55, 0, 0, 0, 0, 0, 0, 0, 0, 0, 0, 0, 0, 0, 0, 0, 0, 0, 0, 1, 2, 1, 140, ''),
(255, 1381528800, '', '', 'Sirac', 'Jean-Michel', '', '', '', '', '', '', 18, 1, 1, 0, 0, 0, 0, 0, 0, 0, 0, 0, 0, 0, 0, 0, 0, 0, 0, 0, 0, 0, 1, 1, 1, 72, ''),
(256, 1381528800, '', '', 'Sirac', 'Jean-Michel', '', '', '', '', '', '', 1, 17, 1, 35, 0, 0, 0, 0, 0, 0, 0, 0, 0, 0, 0, 0, 0, 0, 0, 0, 0, 0, 1, 1, 1, 72, ''),
(257, 1381528800, '', '', 'Sirac', 'Jean-Michel', '', '', '', '', '', '', 17, 1, 1, 37, 0, 0, 0, 0, 0, 0, 0, 0, 0, 0, 0, 0, 0, 0, 0, 0, 0, 0, 1, 2, 1, 72, ''),
(258, 1381874400, '', '', 'Garnier', 'AndrÃ©', '', '', '', '', '', '', 1, 28, 1, 22, 0, 0, 0, 0, 0, 0, 0, 0, 0, 0, 0, 0, 0, 0, 0, 0, 0, 0, 1, 2, 1, 121, ''),
(259, 1381874400, '', '', 'Garnier', 'AndrÃ©', '', '', '', '', '', '', 28, 1, 1, 34, 0, 0, 0, 0, 0, 0, 0, 0, 0, 0, 0, 0, 0, 0, 0, 0, 0, 0, 1, 1, 1, 121, ''),
(260, 1381960800, '', '', 'Morel', 'Sylvestre', '', '', '', '', '', '', 1, 4, 4, 20, 0, 0, 0, 0, 0, 0, 0, 0, 0, 0, 0, 0, 0, 0, 0, 0, 0, 0, 1, 2, 1, 65, ''),
(261, 1382133600, '', '', 'Morel', 'Sylvestre', '', '', '', '', '', '', 4, 1, 4, 44, 0, 0, 0, 0, 0, 0, 0, 0, 0, 0, 0, 0, 0, 0, 0, 0, 0, 0, 1, 1, 1, 67, ''),
(262, 1382392800, '', '', 'Saulais', 'Xavier', '', '', '', '', '', '', 1, 6, 1, 8, 0, 0, 0, 0, 0, 0, 0, 0, 0, 0, 0, 0, 0, 0, 0, 0, 0, 0, 1, 2, 1, 155, ''),
(263, 1382392800, '', '', 'Saulais', 'Xavier', '', '', '', '', '', '', 6, 1, 1, 19, 0, 0, 0, 0, 0, 0, 0, 0, 0, 0, 0, 0, 0, 0, 0, 0, 0, 0, 1, 2, 1, 155, ''),
(264, 1382392800, '', '', 'Saulais', 'Xavier', '', '', '', '', '', '', 1, 6, 1, 9, 0, 0, 0, 0, 0, 0, 0, 0, 0, 0, 0, 0, 0, 0, 0, 0, 0, 0, 1, 1, 1, 155, ''),
(265, 1382479200, '', '', 'Saulais', 'Xavier', '', '', '', '', '', '', 6, 1, 1, 19, 0, 0, 0, 0, 0, 0, 0, 0, 0, 0, 0, 0, 0, 0, 0, 0, 0, 0, 1, 1, 1, 155, ''),
(266, 1382479200, '', '', 'Saulais', 'Xavier', '', '', '', '', '', '', 1, 34, 1, 15, 0, 0, 0, 0, 0, 0, 0, 0, 0, 0, 0, 0, 0, 0, 0, 0, 0, 0, 1, 2, 1, 155, ''),
(267, 1382565600, '', '', 'Saulais', 'Xavier', '', '', '', '', '', '', 34, 1, 1, 20, 0, 0, 0, 0, 0, 0, 0, 0, 0, 0, 0, 0, 0, 0, 0, 0, 0, 0, 1, 1, 1, 154, ''),
(268, 1382565600, '', '', 'Saulais', 'Xavier', '', '', '', '', '', '', 1, 5, 1, 34, 0, 0, 0, 0, 0, 0, 0, 0, 0, 0, 0, 0, 0, 0, 0, 0, 0, 0, 1, 1, 1, 154, ''),
(269, 1382565600, '', '', 'Saulais', 'Xavier', '', '', '', '', '', '', 5, 1, 1, 20, 0, 0, 0, 0, 0, 0, 0, 0, 0, 0, 0, 0, 0, 0, 0, 0, 0, 0, 1, 2, 1, 154, ''),
(270, 1382565600, '', '', 'Saulais', 'Xavier', '', '', '', '', '', '', 1, 3, 1, 0, 0, 0, 0, 0, 0, 0, 0, 0, 0, 0, 0, 0, 0, 0, 0, 0, 0, 0, 1, 2, 1, 154, ''),
(271, 1382652000, '', '', 'Saulais', 'Xavier', '', '', '', '', '', '', 3, 40, 1, 0, 0, 0, 0, 0, 0, 0, 0, 0, 0, 0, 0, 0, 0, 0, 0, 0, 0, 0, 1, 2, 1, 155, ''),
(272, 1382652000, '', '', 'Saulais', 'Xavier', '', '', '', '', '', '', 40, 3, 0, 54, 0, 0, 0, 0, 0, 0, 0, 0, 0, 0, 0, 0, 0, 0, 0, 0, 0, 0, 1, 1, 1, 155, ''),
(273, 1382652000, '', '', 'Saulais', 'Xavier', '', '', '', '', '', '', 3, 1, 1, 2, 0, 0, 0, 0, 0, 0, 0, 0, 0, 0, 0, 0, 0, 0, 0, 0, 0, 0, 1, 1, 1, 155, ''),
(274, 1383260400, '', '', 'Feix', 'Daniel', '', '', '', '', '', '', 1, 19, 1, 20, 0, 0, 0, 0, 0, 0, 0, 0, 0, 0, 0, 0, 0, 0, 0, 0, 0, 0, 1, 2, 1, 175, ''),
(275, 1383260400, '', '', 'Feix', 'Daniel', '', '', '', '', '', '', 19, 1, 1, 16, 0, 0, 0, 0, 0, 0, 0, 0, 0, 0, 0, 0, 0, 0, 0, 0, 0, 0, 1, 1, 1, 175, ''),
(276, 1420844400, '', '', 'Nicolas', 'Renard', '', '', '', '', '', '', 29, 1, 1, 10, 2, 34, 0, 0, 0, 0, 0, 0, 0, 0, 0, 0, 0, 0, 0, 0, 3, 44, 1, 1, 1, 171, 'Vol test'),
(277, 1420844400, '', '', 'Nicolas', 'Renard', '', '', '', '', '', '', 29, 1, 1, 10, 2, 34, 0, 0, 0, 0, 0, 0, 0, 0, 0, 0, 0, 0, 0, 0, 3, 44, 1, 1, 1, 171, 'Vol test'),
(278, 1420671600, 'Yvan', 'Renard', '', '', '', '', '', '', '', '', 27, 34, 0, 0, 0, 0, 2, 50, 0, 0, 0, 0, 0, 0, 0, 0, 0, 0, 2, 50, 0, 0, 1, 2, 2, 10, 'Simu de test');

--
-- Index pour les tables exportées
--

--
-- Index pour la table `aita`
--
ALTER TABLE `aita`
  ADD PRIMARY KEY (`id`);

--
-- Index pour la table `fonction`
--
ALTER TABLE `fonction`
  ADD PRIMARY KEY (`id`);

--
-- Index pour la table `hdv_par_avion`
--
ALTER TABLE `hdv_par_avion`
  ADD PRIMARY KEY (`id`);

--
-- Index pour la table `immat_type`
--
ALTER TABLE `immat_type`
  ADD PRIMARY KEY (`id`), ADD KEY `type` (`type`);

--
-- Index pour la table `nb_moteurs_avion`
--
ALTER TABLE `nb_moteurs_avion`
  ADD PRIMARY KEY (`id`), ADD KEY `nb_moteurs_avion` (`nb_moteurs_avion`);

--
-- Index pour la table `pilote`
--
ALTER TABLE `pilote`
  ADD PRIMARY KEY (`id`);

--
-- Index pour la table `poste`
--
ALTER TABLE `poste`
  ADD PRIMARY KEY (`poste_id`);

--
-- Index pour la table `recap`
--
ALTER TABLE `recap`
  ADD PRIMARY KEY (`id`), ADD KEY `type_avion` (`type_avion`);

--
-- Index pour la table `types_avion`
--
ALTER TABLE `types_avion`
  ADD PRIMARY KEY (`id_avion`), ADD KEY `types_avion` (`type_avion`);

--
-- Index pour la table `vols`
--
ALTER TABLE `vols`
  ADD PRIMARY KEY (`id`), ADD KEY `depart` (`depart`), ADD KEY `arrivee` (`arrivee`);

--
-- AUTO_INCREMENT pour les tables exportées
--

--
-- AUTO_INCREMENT pour la table `aita`
--
ALTER TABLE `aita`
  MODIFY `id` int(4) NOT NULL AUTO_INCREMENT,AUTO_INCREMENT=46;
--
-- AUTO_INCREMENT pour la table `fonction`
--
ALTER TABLE `fonction`
  MODIFY `id` int(11) NOT NULL AUTO_INCREMENT,AUTO_INCREMENT=4;
--
-- AUTO_INCREMENT pour la table `hdv_par_avion`
--
ALTER TABLE `hdv_par_avion`
  MODIFY `id` int(11) NOT NULL AUTO_INCREMENT,AUTO_INCREMENT=33;
--
-- AUTO_INCREMENT pour la table `immat_type`
--
ALTER TABLE `immat_type`
  MODIFY `id` int(11) NOT NULL AUTO_INCREMENT,AUTO_INCREMENT=193;
--
-- AUTO_INCREMENT pour la table `nb_moteurs_avion`
--
ALTER TABLE `nb_moteurs_avion`
  MODIFY `id` int(11) NOT NULL AUTO_INCREMENT,AUTO_INCREMENT=3;
--
-- AUTO_INCREMENT pour la table `pilote`
--
ALTER TABLE `pilote`
  MODIFY `id` int(11) NOT NULL AUTO_INCREMENT;
--
-- AUTO_INCREMENT pour la table `poste`
--
ALTER TABLE `poste`
  MODIFY `poste_id` int(11) NOT NULL AUTO_INCREMENT,AUTO_INCREMENT=5;
--
-- AUTO_INCREMENT pour la table `recap`
--
ALTER TABLE `recap`
  MODIFY `id` int(11) NOT NULL AUTO_INCREMENT,AUTO_INCREMENT=31;
--
-- AUTO_INCREMENT pour la table `types_avion`
--
ALTER TABLE `types_avion`
  MODIFY `id_avion` int(11) NOT NULL AUTO_INCREMENT,AUTO_INCREMENT=31;
--
-- AUTO_INCREMENT pour la table `vols`
--
ALTER TABLE `vols`
  MODIFY `id` int(11) NOT NULL AUTO_INCREMENT,AUTO_INCREMENT=279;
--
-- Contraintes pour les tables exportées
--

--
-- Contraintes pour la table `immat_type`
--
ALTER TABLE `immat_type`
ADD CONSTRAINT `types_avion_id_avion` FOREIGN KEY (`type`) REFERENCES `types_avion` (`id_avion`) ON DELETE CASCADE ON UPDATE CASCADE;

--
-- Contraintes pour la table `recap`
--
ALTER TABLE `recap`
ADD CONSTRAINT `types_avions_id_avion` FOREIGN KEY (`type_avion`) REFERENCES `types_avion` (`id_avion`) ON DELETE SET NULL ON UPDATE CASCADE;

--
-- Contraintes pour la table `types_avion`
--
ALTER TABLE `types_avion`
ADD CONSTRAINT `nb_moteurs_type_avion` FOREIGN KEY (`type_avion`) REFERENCES `nb_moteurs_avion` (`id`) ON DELETE SET NULL ON UPDATE CASCADE;

/*!40101 SET CHARACTER_SET_CLIENT=@OLD_CHARACTER_SET_CLIENT */;
/*!40101 SET CHARACTER_SET_RESULTS=@OLD_CHARACTER_SET_RESULTS */;
/*!40101 SET COLLATION_CONNECTION=@OLD_COLLATION_CONNECTION */;
